Country,Doc Code,Doc Title,Top Group,Asset Element,Variant / Type,Asset Name,Permitted Materials (England),NH References
England,GC/GP 100,Introduction to the SHW,Governance,Quality & records,ITPs,Quality & records - ITPs,,
England,GC/GP 100,Introduction to the SHW,Governance,Quality & records,checklists,Quality & records - checklists,,
England,GC/GP 100,Introduction to the SHW,Governance,Quality & records,inspection records,Quality & records - inspection records,,
England,GC/GP 101,General Requirements for the SHW,Governance,Quality & records,ITPs,Quality & records - ITPs,,
England,GC/GP 101,General Requirements for the SHW,Governance,Quality & records,checklists,Quality & records - checklists,,
England,GC/GP 101,General Requirements for the SHW,Governance,Quality & records,inspection records,Quality & records - inspection records,,
England,GC/GP 102,Site and work constraints,Governance,Quality & records,ITPs,Quality & records - ITPs,,
England,GC/GP 102,Site and work constraints,Governance,Quality & records,checklists,Quality & records - checklists,,
England,GC/GP 102,Site and work constraints,Governance,Quality & records,inspection records,Quality & records - inspection records,,
England,GC/GP 103,"Environment, Sustainability and Carbon",Governance,Quality & records,ITPs,Quality & records - ITPs,,
England,GC/GP 103,"Environment, Sustainability and Carbon",Governance,Quality & records,checklists,Quality & records - checklists,,
England,GC/GP 103,"Environment, Sustainability and Carbon",Governance,Quality & records,inspection records,Quality & records - inspection records,,
England,GC/GP 104,"Works data, third party & comms",Governance,Quality & records,ITPs,Quality & records - ITPs,,
England,GC/GP 104,"Works data, third party & comms",Governance,Quality & records,checklists,Quality & records - checklists,,
England,GC/GP 104,"Works data, third party & comms",Governance,Quality & records,inspection records,Quality & records - inspection records,,
England,GC/GP 105,Arrangements for the Overseeing Organisation,Governance,Quality & records,ITPs,Quality & records - ITPs,,
England,GC/GP 105,Arrangements for the Overseeing Organisation,Governance,Quality & records,checklists,Quality & records - checklists,,
England,GC/GP 105,Arrangements for the Overseeing Organisation,Governance,Quality & records,inspection records,Quality & records - inspection records,,
England,GC/GP 106,Working on the highway,Governance,Quality & records,ITPs,Quality & records - ITPs,,
England,GC/GP 106,Working on the highway,Governance,Quality & records,checklists,Quality & records - checklists,,
England,GC/GP 106,Working on the highway,Governance,Quality & records,inspection records,Quality & records - inspection records,,
England,GC/GP 109,Site Preparation and Clearance,Preliminaries,Clearance,vegetation removal,Clearance - vegetation removal,,
England,GC/GP 109,Site Preparation and Clearance,Preliminaries,Clearance,stump removal,Clearance - stump removal,,
England,GC/GP 109,Site Preparation and Clearance,Preliminaries,Clearance,topsoil strip,Clearance - topsoil strip,,
England,GC/GP 109,Site Preparation and Clearance,Preliminaries,Demolition,small structures,Demolition - small structures,,
England,GC/GP 109,Site Preparation and Clearance,Preliminaries,Demolition,pavement breakout,Demolition - pavement breakout,,
England,LC/LP 120,Landscape and ecology,Landscaping & Ecology,Planting,trees,Planting - trees,Planting: BS 3936; topsoil/subsoil BS 8601/8601; NH Appendix 30/1,CD 118; NH Landscape Guidance
England,LC/LP 120,Landscape and ecology,Landscaping & Ecology,Planting,shrubs,Planting - shrubs,Planting: BS 3936; topsoil/subsoil BS 8601/8601; NH Appendix 30/1,CD 118; NH Landscape Guidance
England,LC/LP 120,Landscape and ecology,Landscaping & Ecology,Planting,wildflower seeding,Planting - wildflower seeding,Planting: BS 3936; topsoil/subsoil BS 8601/8601; NH Appendix 30/1,CD 118; NH Landscape Guidance
England,LC/LP 120,Landscape and ecology,Landscaping & Ecology,Soil systems,topsoil,Soil systems - topsoil,Planting: BS 3936; topsoil/subsoil BS 8601/8601; NH Appendix 30/1,CD 118; NH Landscape Guidance
England,LC/LP 120,Landscape and ecology,Landscaping & Ecology,Soil systems,subsoil,Soil systems - subsoil,Planting: BS 3936; topsoil/subsoil BS 8601/8601; NH Appendix 30/1,CD 118; NH Landscape Guidance
England,LC/LP 120,Landscape and ecology,Landscaping & Ecology,Soil systems,soil ameliorants,Soil systems - soil ameliorants,Planting: BS 3936; topsoil/subsoil BS 8601/8601; NH Appendix 30/1,CD 118; NH Landscape Guidance
England,LC/LP 120,Landscape and ecology,Landscaping & Ecology,Ecology features,badger tunnels,Ecology features - badger tunnels,Planting: BS 3936; topsoil/subsoil BS 8601/8601; NH Appendix 30/1,CD 118; NH Landscape Guidance
England,LC/LP 120,Landscape and ecology,Landscaping & Ecology,Ecology features,bat boxes,Ecology features - bat boxes,Planting: BS 3936; topsoil/subsoil BS 8601/8601; NH Appendix 30/1,CD 118; NH Landscape Guidance
England,LC/LP 120,Landscape and ecology,Landscaping & Ecology,Ecology features,reptile fencing,Ecology features - reptile fencing,Planting: BS 3936; topsoil/subsoil BS 8601/8601; NH Appendix 30/1,CD 118; NH Landscape Guidance
England,LC/LP 120,Landscape and ecology,Landscaping & Ecology,Erosion control,geotextiles,Erosion control - geotextiles,Planting: BS 3936; topsoil/subsoil BS 8601/8601; NH Appendix 30/1,CD 118; NH Landscape Guidance
England,LC/LP 120,Landscape and ecology,Landscaping & Ecology,Erosion control,mats,Erosion control - mats,Planting: BS 3936; topsoil/subsoil BS 8601/8601; NH Appendix 30/1,CD 118; NH Landscape Guidance
England,LC/LP 127,Fencing,Fencing,Boundary fencing,post & wire,Boundary fencing - post & wire,"Fencing: post & wire, chain link, acoustic; BS 1722",CD 622; BS 1722
England,LC/LP 127,Fencing,Fencing,Boundary fencing,chain link,Boundary fencing - chain link,"Fencing: post & wire, chain link, acoustic; BS 1722",CD 622; BS 1722
England,LC/LP 127,Fencing,Fencing,Boundary fencing,paladin,Boundary fencing - paladin,"Fencing: post & wire, chain link, acoustic; BS 1722",CD 622; BS 1722
England,LC/LP 127,Fencing,Fencing,Acoustic barriers,timber,Acoustic barriers - timber,"Fencing: post & wire, chain link, acoustic; BS 1722",CD 622; BS 1722
England,LC/LP 127,Fencing,Fencing,Acoustic barriers,metal,Acoustic barriers - metal,"Fencing: post & wire, chain link, acoustic; BS 1722",CD 622; BS 1722
England,LC/LP 127,Fencing,Fencing,Acoustic barriers,absorbent,Acoustic barriers - absorbent,"Fencing: post & wire, chain link, acoustic; BS 1722",CD 622; BS 1722
England,LC/LP 127,Fencing,Fencing,Gates,pedestrian,Gates - pedestrian,"Fencing: post & wire, chain link, acoustic; BS 1722",CD 622; BS 1722
England,LC/LP 127,Fencing,Fencing,Gates,vehicular,Gates - vehicular,"Fencing: post & wire, chain link, acoustic; BS 1722",CD 622; BS 1722
England,LC/LP 127,Fencing,Fencing,Gates,maintenance,Gates - maintenance,"Fencing: post & wire, chain link, acoustic; BS 1722",CD 622; BS 1722
England,CC/CP 120,Permanent traffic signs and road markings,Traffic Signs & Markings,Posts & foundations,post,Posts & foundations - post,,
England,CC/CP 120,Permanent traffic signs and road markings,Traffic Signs & Markings,Posts & foundations,mast arm,Posts & foundations - mast arm,,
England,CC/CP 120,Permanent traffic signs and road markings,Traffic Signs & Markings,Posts & foundations,cantilever,Posts & foundations - cantilever,,
England,CC/CP 120,Permanent traffic signs and road markings,Traffic Signs & Markings,Sign faces,class RA2,Sign faces - class RA2,,
England,CC/CP 120,Permanent traffic signs and road markings,Traffic Signs & Markings,Sign faces,microprismatic,Sign faces - microprismatic,,
England,CC/CP 120,Permanent traffic signs and road markings,Traffic Signs & Markings,Sign faces,illumination,Sign faces - illumination,,
England,CC/CP 120,Permanent traffic signs and road markings,Traffic Signs & Markings,Markings,thermoplastic,Markings - thermoplastic,,
England,CC/CP 120,Permanent traffic signs and road markings,Traffic Signs & Markings,Markings,paint,Markings - paint,,
England,CC/CP 120,Permanent traffic signs and road markings,Traffic Signs & Markings,Markings,raised rib,Markings - raised rib,,
England,CC/CP 120,Permanent traffic signs and road markings,Traffic Signs & Markings,Markings,studs,Markings - studs,,
England,CC/CP 120,Permanent traffic signs and road markings,Traffic Signs & Markings,Temporary signs,TSRGD compliant,Temporary signs - TSRGD compliant,,
England,CC/CP 120,Permanent traffic signs and road markings,Traffic Signs & Markings,Temporary signs,works information,Temporary signs - works information,,
England,CC/CP 120,Permanent traffic signs and road markings,Traffic Signs & Markings,Temporary signs,diversion,Temporary signs - diversion,,
England,CC/CP 130,Temporary traffic signs and road markings,Temporary Traffic Management,Governance requirement,spec/procedure,Governance requirement - spec/procedure,,
England,CC/CP 201,Pavement foundation construction,Pavements,Foundations,capping,Foundations - capping,,
England,CC/CP 201,Pavement foundation construction,Pavements,Foundations,Type 1 sub-base,Foundations - Type 1 sub-base,,
England,CC/CP 201,Pavement foundation construction,Pavements,Foundations,CBGM,Foundations - CBGM,,
England,CC/CP 201,Pavement foundation construction,Pavements,Foundations,HMB/HBM,Foundations - HMB/HBM,,
England,CC/CP 201,Pavement foundation construction,Pavements,Flexible layers,base AC 32,Flexible layers - base AC 32,,
England,CC/CP 201,Pavement foundation construction,Pavements,Flexible layers,binder AC 20,Flexible layers - binder AC 20,,
England,CC/CP 201,Pavement foundation construction,Pavements,Flexible layers,surface SMA 10,Flexible layers - surface SMA 10,,
England,CC/CP 201,Pavement foundation construction,Pavements,Flexible layers,HRA,Flexible layers - HRA,,
England,CC/CP 201,Pavement foundation construction,Pavements,Flexible layers,PA,Flexible layers - PA,,
England,CC/CP 201,Pavement foundation construction,Pavements,Rigid layers,PQC jointed,Rigid layers - PQC jointed,,
England,CC/CP 201,Pavement foundation construction,Pavements,Rigid layers,CRCP,Rigid layers - CRCP,,
England,CC/CP 201,Pavement foundation construction,Pavements,Rigid layers,lean mix base,Rigid layers - lean mix base,,
England,CC/CP 201,Pavement foundation construction,Pavements,Joints & seals,saw-cut & seal,Joints & seals - saw-cut & seal,,
England,CC/CP 201,Pavement foundation construction,Pavements,Joints & seals,overbanding,Joints & seals - overbanding,,
England,CC/CP 201,Pavement foundation construction,Pavements,Joints & seals,longitudinal tie,Joints & seals - longitudinal tie,,
England,CC/CP 201,Pavement foundation construction,Pavements,Joints & seals,transverse contraction,Joints & seals - transverse contraction,,
England,CC/CP 201,Pavement foundation construction,Pavements,Rehabilitation,plane & inlay,Rehabilitation - plane & inlay,,
England,CC/CP 201,Pavement foundation construction,Pavements,Rehabilitation,patch repair,Rehabilitation - patch repair,,
England,CC/CP 201,Pavement foundation construction,Pavements,Rehabilitation,crack & seat,Rehabilitation - crack & seat,,
England,CC/CP 201,Pavement foundation construction,Pavements,Rehabilitation,slab stabilization,Rehabilitation - slab stabilization,,
England,CC/CP 201,Pavement foundation construction,Pavements,Surface treatments,micro-surfacing,Surface treatments - micro-surfacing,,
England,CC/CP 201,Pavement foundation construction,Pavements,Surface treatments,slurry seal,Surface treatments - slurry seal,,
England,CC/CP 201,Pavement foundation construction,Pavements,Surface treatments,surface dressing,Surface treatments - surface dressing,,
England,CC/CP 201,Pavement foundation construction,Pavements,Surface treatments,HFS,Surface treatments - HFS,,
England,CC/CP 201,Pavement foundation construction,Pavements,Ancillaries,road studs,Ancillaries - road studs,,
England,CC/CP 201,Pavement foundation construction,Pavements,Ancillaries,thermocouples,Ancillaries - thermocouples,,
England,CC/CP 201,Pavement foundation construction,Pavements,Ancillaries,embedded sensors,Ancillaries - embedded sensors,,
England,CC/CP 202,Flexible pavement construction,Pavements,Foundations,capping,Foundations - capping,"Asphalt mixes: AC 32 base, AC 20 binder, SMA 10, HRA, PA; BS EN 13108 with PD 6691; NH Appendix 7/1",CD 534; SHW Appendix 7/1
England,CC/CP 202,Flexible pavement construction,Pavements,Foundations,Type 1 sub-base,Foundations - Type 1 sub-base,"Asphalt mixes: AC 32 base, AC 20 binder, SMA 10, HRA, PA; BS EN 13108 with PD 6691; NH Appendix 7/1",CD 534; SHW Appendix 7/1
England,CC/CP 202,Flexible pavement construction,Pavements,Foundations,CBGM,Foundations - CBGM,"Asphalt mixes: AC 32 base, AC 20 binder, SMA 10, HRA, PA; BS EN 13108 with PD 6691; NH Appendix 7/1",CD 534; SHW Appendix 7/1
England,CC/CP 202,Flexible pavement construction,Pavements,Foundations,HMB/HBM,Foundations - HMB/HBM,"Asphalt mixes: AC 32 base, AC 20 binder, SMA 10, HRA, PA; BS EN 13108 with PD 6691; NH Appendix 7/1",CD 534; SHW Appendix 7/1
England,CC/CP 202,Flexible pavement construction,Pavements,Flexible layers,base AC 32,Flexible layers - base AC 32,"Asphalt mixes: AC 32 base, AC 20 binder, SMA 10, HRA, PA; BS EN 13108 with PD 6691; NH Appendix 7/1",CD 534; SHW Appendix 7/1
England,CC/CP 202,Flexible pavement construction,Pavements,Flexible layers,binder AC 20,Flexible layers - binder AC 20,"Asphalt mixes: AC 32 base, AC 20 binder, SMA 10, HRA, PA; BS EN 13108 with PD 6691; NH Appendix 7/1",CD 534; SHW Appendix 7/1
England,CC/CP 202,Flexible pavement construction,Pavements,Flexible layers,surface SMA 10,Flexible layers - surface SMA 10,"Asphalt mixes: AC 32 base, AC 20 binder, SMA 10, HRA, PA; BS EN 13108 with PD 6691; NH Appendix 7/1",CD 534; SHW Appendix 7/1
England,CC/CP 202,Flexible pavement construction,Pavements,Flexible layers,HRA,Flexible layers - HRA,"Asphalt mixes: AC 32 base, AC 20 binder, SMA 10, HRA, PA; BS EN 13108 with PD 6691; NH Appendix 7/1",CD 534; SHW Appendix 7/1
England,CC/CP 202,Flexible pavement construction,Pavements,Flexible layers,PA,Flexible layers - PA,"Asphalt mixes: AC 32 base, AC 20 binder, SMA 10, HRA, PA; BS EN 13108 with PD 6691; NH Appendix 7/1",CD 534; SHW Appendix 7/1
England,CC/CP 202,Flexible pavement construction,Pavements,Rigid layers,PQC jointed,Rigid layers - PQC jointed,"Asphalt mixes: AC 32 base, AC 20 binder, SMA 10, HRA, PA; BS EN 13108 with PD 6691; NH Appendix 7/1",CD 534; SHW Appendix 7/1
England,CC/CP 202,Flexible pavement construction,Pavements,Rigid layers,CRCP,Rigid layers - CRCP,"Asphalt mixes: AC 32 base, AC 20 binder, SMA 10, HRA, PA; BS EN 13108 with PD 6691; NH Appendix 7/1",CD 534; SHW Appendix 7/1
England,CC/CP 202,Flexible pavement construction,Pavements,Rigid layers,lean mix base,Rigid layers - lean mix base,"Asphalt mixes: AC 32 base, AC 20 binder, SMA 10, HRA, PA; BS EN 13108 with PD 6691; NH Appendix 7/1",CD 534; SHW Appendix 7/1
England,CC/CP 202,Flexible pavement construction,Pavements,Joints & seals,saw-cut & seal,Joints & seals - saw-cut & seal,"Asphalt mixes: AC 32 base, AC 20 binder, SMA 10, HRA, PA; BS EN 13108 with PD 6691; NH Appendix 7/1",CD 534; SHW Appendix 7/1
England,CC/CP 202,Flexible pavement construction,Pavements,Joints & seals,overbanding,Joints & seals - overbanding,"Asphalt mixes: AC 32 base, AC 20 binder, SMA 10, HRA, PA; BS EN 13108 with PD 6691; NH Appendix 7/1",CD 534; SHW Appendix 7/1
England,CC/CP 202,Flexible pavement construction,Pavements,Joints & seals,longitudinal tie,Joints & seals - longitudinal tie,"Asphalt mixes: AC 32 base, AC 20 binder, SMA 10, HRA, PA; BS EN 13108 with PD 6691; NH Appendix 7/1",CD 534; SHW Appendix 7/1
England,CC/CP 202,Flexible pavement construction,Pavements,Joints & seals,transverse contraction,Joints & seals - transverse contraction,"Asphalt mixes: AC 32 base, AC 20 binder, SMA 10, HRA, PA; BS EN 13108 with PD 6691; NH Appendix 7/1",CD 534; SHW Appendix 7/1
England,CC/CP 202,Flexible pavement construction,Pavements,Rehabilitation,plane & inlay,Rehabilitation - plane & inlay,"Asphalt mixes: AC 32 base, AC 20 binder, SMA 10, HRA, PA; BS EN 13108 with PD 6691; NH Appendix 7/1",CD 534; SHW Appendix 7/1
England,CC/CP 202,Flexible pavement construction,Pavements,Rehabilitation,patch repair,Rehabilitation - patch repair,"Asphalt mixes: AC 32 base, AC 20 binder, SMA 10, HRA, PA; BS EN 13108 with PD 6691; NH Appendix 7/1",CD 534; SHW Appendix 7/1
England,CC/CP 202,Flexible pavement construction,Pavements,Rehabilitation,crack & seat,Rehabilitation - crack & seat,"Asphalt mixes: AC 32 base, AC 20 binder, SMA 10, HRA, PA; BS EN 13108 with PD 6691; NH Appendix 7/1",CD 534; SHW Appendix 7/1
England,CC/CP 202,Flexible pavement construction,Pavements,Rehabilitation,slab stabilization,Rehabilitation - slab stabilization,"Asphalt mixes: AC 32 base, AC 20 binder, SMA 10, HRA, PA; BS EN 13108 with PD 6691; NH Appendix 7/1",CD 534; SHW Appendix 7/1
England,CC/CP 202,Flexible pavement construction,Pavements,Surface treatments,micro-surfacing,Surface treatments - micro-surfacing,"Asphalt mixes: AC 32 base, AC 20 binder, SMA 10, HRA, PA; BS EN 13108 with PD 6691; NH Appendix 7/1",CD 534; SHW Appendix 7/1
England,CC/CP 202,Flexible pavement construction,Pavements,Surface treatments,slurry seal,Surface treatments - slurry seal,"Asphalt mixes: AC 32 base, AC 20 binder, SMA 10, HRA, PA; BS EN 13108 with PD 6691; NH Appendix 7/1",CD 534; SHW Appendix 7/1
England,CC/CP 202,Flexible pavement construction,Pavements,Surface treatments,surface dressing,Surface treatments - surface dressing,"Asphalt mixes: AC 32 base, AC 20 binder, SMA 10, HRA, PA; BS EN 13108 with PD 6691; NH Appendix 7/1",CD 534; SHW Appendix 7/1
England,CC/CP 202,Flexible pavement construction,Pavements,Surface treatments,HFS,Surface treatments - HFS,"Asphalt mixes: AC 32 base, AC 20 binder, SMA 10, HRA, PA; BS EN 13108 with PD 6691; NH Appendix 7/1",CD 534; SHW Appendix 7/1
England,CC/CP 202,Flexible pavement construction,Pavements,Ancillaries,road studs,Ancillaries - road studs,"Asphalt mixes: AC 32 base, AC 20 binder, SMA 10, HRA, PA; BS EN 13108 with PD 6691; NH Appendix 7/1",CD 534; SHW Appendix 7/1
England,CC/CP 202,Flexible pavement construction,Pavements,Ancillaries,thermocouples,Ancillaries - thermocouples,"Asphalt mixes: AC 32 base, AC 20 binder, SMA 10, HRA, PA; BS EN 13108 with PD 6691; NH Appendix 7/1",CD 534; SHW Appendix 7/1
England,CC/CP 202,Flexible pavement construction,Pavements,Ancillaries,embedded sensors,Ancillaries - embedded sensors,"Asphalt mixes: AC 32 base, AC 20 binder, SMA 10, HRA, PA; BS EN 13108 with PD 6691; NH Appendix 7/1",CD 534; SHW Appendix 7/1
England,CC/CP 203,Rigid pavement construction,Pavements,Foundations,capping,Foundations - capping,"Concrete: PQC jointed, CRCP, lean mix; BS EN 13877; BS EN 206/BS 8500; NH Appendix 7/1",CD 534; SHW Appendix 7/1
England,CC/CP 203,Rigid pavement construction,Pavements,Foundations,Type 1 sub-base,Foundations - Type 1 sub-base,"Concrete: PQC jointed, CRCP, lean mix; BS EN 13877; BS EN 206/BS 8500; NH Appendix 7/1",CD 534; SHW Appendix 7/1
England,CC/CP 203,Rigid pavement construction,Pavements,Foundations,CBGM,Foundations - CBGM,"Concrete: PQC jointed, CRCP, lean mix; BS EN 13877; BS EN 206/BS 8500; NH Appendix 7/1",CD 534; SHW Appendix 7/1
England,CC/CP 203,Rigid pavement construction,Pavements,Foundations,HMB/HBM,Foundations - HMB/HBM,"Concrete: PQC jointed, CRCP, lean mix; BS EN 13877; BS EN 206/BS 8500; NH Appendix 7/1",CD 534; SHW Appendix 7/1
England,CC/CP 203,Rigid pavement construction,Pavements,Flexible layers,base AC 32,Flexible layers - base AC 32,"Concrete: PQC jointed, CRCP, lean mix; BS EN 13877; BS EN 206/BS 8500; NH Appendix 7/1",CD 534; SHW Appendix 7/1
England,CC/CP 203,Rigid pavement construction,Pavements,Flexible layers,binder AC 20,Flexible layers - binder AC 20,"Concrete: PQC jointed, CRCP, lean mix; BS EN 13877; BS EN 206/BS 8500; NH Appendix 7/1",CD 534; SHW Appendix 7/1
England,CC/CP 203,Rigid pavement construction,Pavements,Flexible layers,surface SMA 10,Flexible layers - surface SMA 10,"Concrete: PQC jointed, CRCP, lean mix; BS EN 13877; BS EN 206/BS 8500; NH Appendix 7/1",CD 534; SHW Appendix 7/1
England,CC/CP 203,Rigid pavement construction,Pavements,Flexible layers,HRA,Flexible layers - HRA,"Concrete: PQC jointed, CRCP, lean mix; BS EN 13877; BS EN 206/BS 8500; NH Appendix 7/1",CD 534; SHW Appendix 7/1
England,CC/CP 203,Rigid pavement construction,Pavements,Flexible layers,PA,Flexible layers - PA,"Concrete: PQC jointed, CRCP, lean mix; BS EN 13877; BS EN 206/BS 8500; NH Appendix 7/1",CD 534; SHW Appendix 7/1
England,CC/CP 203,Rigid pavement construction,Pavements,Rigid layers,PQC jointed,Rigid layers - PQC jointed,"Concrete: PQC jointed, CRCP, lean mix; BS EN 13877; BS EN 206/BS 8500; NH Appendix 7/1",CD 534; SHW Appendix 7/1
England,CC/CP 203,Rigid pavement construction,Pavements,Rigid layers,CRCP,Rigid layers - CRCP,"Concrete: PQC jointed, CRCP, lean mix; BS EN 13877; BS EN 206/BS 8500; NH Appendix 7/1",CD 534; SHW Appendix 7/1
England,CC/CP 203,Rigid pavement construction,Pavements,Rigid layers,lean mix base,Rigid layers - lean mix base,"Concrete: PQC jointed, CRCP, lean mix; BS EN 13877; BS EN 206/BS 8500; NH Appendix 7/1",CD 534; SHW Appendix 7/1
England,CC/CP 203,Rigid pavement construction,Pavements,Joints & seals,saw-cut & seal,Joints & seals - saw-cut & seal,"Concrete: PQC jointed, CRCP, lean mix; BS EN 13877; BS EN 206/BS 8500; NH Appendix 7/1",CD 534; SHW Appendix 7/1
England,CC/CP 203,Rigid pavement construction,Pavements,Joints & seals,overbanding,Joints & seals - overbanding,"Concrete: PQC jointed, CRCP, lean mix; BS EN 13877; BS EN 206/BS 8500; NH Appendix 7/1",CD 534; SHW Appendix 7/1
England,CC/CP 203,Rigid pavement construction,Pavements,Joints & seals,longitudinal tie,Joints & seals - longitudinal tie,"Concrete: PQC jointed, CRCP, lean mix; BS EN 13877; BS EN 206/BS 8500; NH Appendix 7/1",CD 534; SHW Appendix 7/1
England,CC/CP 203,Rigid pavement construction,Pavements,Joints & seals,transverse contraction,Joints & seals - transverse contraction,"Concrete: PQC jointed, CRCP, lean mix; BS EN 13877; BS EN 206/BS 8500; NH Appendix 7/1",CD 534; SHW Appendix 7/1
England,CC/CP 203,Rigid pavement construction,Pavements,Rehabilitation,plane & inlay,Rehabilitation - plane & inlay,"Concrete: PQC jointed, CRCP, lean mix; BS EN 13877; BS EN 206/BS 8500; NH Appendix 7/1",CD 534; SHW Appendix 7/1
England,CC/CP 203,Rigid pavement construction,Pavements,Rehabilitation,patch repair,Rehabilitation - patch repair,"Concrete: PQC jointed, CRCP, lean mix; BS EN 13877; BS EN 206/BS 8500; NH Appendix 7/1",CD 534; SHW Appendix 7/1
England,CC/CP 203,Rigid pavement construction,Pavements,Rehabilitation,crack & seat,Rehabilitation - crack & seat,"Concrete: PQC jointed, CRCP, lean mix; BS EN 13877; BS EN 206/BS 8500; NH Appendix 7/1",CD 534; SHW Appendix 7/1
England,CC/CP 203,Rigid pavement construction,Pavements,Rehabilitation,slab stabilization,Rehabilitation - slab stabilization,"Concrete: PQC jointed, CRCP, lean mix; BS EN 13877; BS EN 206/BS 8500; NH Appendix 7/1",CD 534; SHW Appendix 7/1
England,CC/CP 203,Rigid pavement construction,Pavements,Surface treatments,micro-surfacing,Surface treatments - micro-surfacing,"Concrete: PQC jointed, CRCP, lean mix; BS EN 13877; BS EN 206/BS 8500; NH Appendix 7/1",CD 534; SHW Appendix 7/1
England,CC/CP 203,Rigid pavement construction,Pavements,Surface treatments,slurry seal,Surface treatments - slurry seal,"Concrete: PQC jointed, CRCP, lean mix; BS EN 13877; BS EN 206/BS 8500; NH Appendix 7/1",CD 534; SHW Appendix 7/1
England,CC/CP 203,Rigid pavement construction,Pavements,Surface treatments,surface dressing,Surface treatments - surface dressing,"Concrete: PQC jointed, CRCP, lean mix; BS EN 13877; BS EN 206/BS 8500; NH Appendix 7/1",CD 534; SHW Appendix 7/1
England,CC/CP 203,Rigid pavement construction,Pavements,Surface treatments,HFS,Surface treatments - HFS,"Concrete: PQC jointed, CRCP, lean mix; BS EN 13877; BS EN 206/BS 8500; NH Appendix 7/1",CD 534; SHW Appendix 7/1
England,CC/CP 203,Rigid pavement construction,Pavements,Ancillaries,road studs,Ancillaries - road studs,"Concrete: PQC jointed, CRCP, lean mix; BS EN 13877; BS EN 206/BS 8500; NH Appendix 7/1",CD 534; SHW Appendix 7/1
England,CC/CP 203,Rigid pavement construction,Pavements,Ancillaries,thermocouples,Ancillaries - thermocouples,"Concrete: PQC jointed, CRCP, lean mix; BS EN 13877; BS EN 206/BS 8500; NH Appendix 7/1",CD 534; SHW Appendix 7/1
England,CC/CP 203,Rigid pavement construction,Pavements,Ancillaries,embedded sensors,Ancillaries - embedded sensors,"Concrete: PQC jointed, CRCP, lean mix; BS EN 13877; BS EN 206/BS 8500; NH Appendix 7/1",CD 534; SHW Appendix 7/1
England,CC/CP 204,Pavement surface treatments,Pavements,Foundations,capping,Foundations - capping,"Surface treatments: HFS (calcined bauxite), micro-surfacing, slurry seal, surface dressing; BBA HAPAS certs",CD 534; BBA HAPAS
England,CC/CP 204,Pavement surface treatments,Pavements,Foundations,Type 1 sub-base,Foundations - Type 1 sub-base,"Surface treatments: HFS (calcined bauxite), micro-surfacing, slurry seal, surface dressing; BBA HAPAS certs",CD 534; BBA HAPAS
England,CC/CP 204,Pavement surface treatments,Pavements,Foundations,CBGM,Foundations - CBGM,"Surface treatments: HFS (calcined bauxite), micro-surfacing, slurry seal, surface dressing; BBA HAPAS certs",CD 534; BBA HAPAS
England,CC/CP 204,Pavement surface treatments,Pavements,Foundations,HMB/HBM,Foundations - HMB/HBM,"Surface treatments: HFS (calcined bauxite), micro-surfacing, slurry seal, surface dressing; BBA HAPAS certs",CD 534; BBA HAPAS
England,CC/CP 204,Pavement surface treatments,Pavements,Flexible layers,base AC 32,Flexible layers - base AC 32,"Surface treatments: HFS (calcined bauxite), micro-surfacing, slurry seal, surface dressing; BBA HAPAS certs",CD 534; BBA HAPAS
England,CC/CP 204,Pavement surface treatments,Pavements,Flexible layers,binder AC 20,Flexible layers - binder AC 20,"Surface treatments: HFS (calcined bauxite), micro-surfacing, slurry seal, surface dressing; BBA HAPAS certs",CD 534; BBA HAPAS
England,CC/CP 204,Pavement surface treatments,Pavements,Flexible layers,surface SMA 10,Flexible layers - surface SMA 10,"Surface treatments: HFS (calcined bauxite), micro-surfacing, slurry seal, surface dressing; BBA HAPAS certs",CD 534; BBA HAPAS
England,CC/CP 204,Pavement surface treatments,Pavements,Flexible layers,HRA,Flexible layers - HRA,"Surface treatments: HFS (calcined bauxite), micro-surfacing, slurry seal, surface dressing; BBA HAPAS certs",CD 534; BBA HAPAS
England,CC/CP 204,Pavement surface treatments,Pavements,Flexible layers,PA,Flexible layers - PA,"Surface treatments: HFS (calcined bauxite), micro-surfacing, slurry seal, surface dressing; BBA HAPAS certs",CD 534; BBA HAPAS
England,CC/CP 204,Pavement surface treatments,Pavements,Rigid layers,PQC jointed,Rigid layers - PQC jointed,"Surface treatments: HFS (calcined bauxite), micro-surfacing, slurry seal, surface dressing; BBA HAPAS certs",CD 534; BBA HAPAS
England,CC/CP 204,Pavement surface treatments,Pavements,Rigid layers,CRCP,Rigid layers - CRCP,"Surface treatments: HFS (calcined bauxite), micro-surfacing, slurry seal, surface dressing; BBA HAPAS certs",CD 534; BBA HAPAS
England,CC/CP 204,Pavement surface treatments,Pavements,Rigid layers,lean mix base,Rigid layers - lean mix base,"Surface treatments: HFS (calcined bauxite), micro-surfacing, slurry seal, surface dressing; BBA HAPAS certs",CD 534; BBA HAPAS
England,CC/CP 204,Pavement surface treatments,Pavements,Joints & seals,saw-cut & seal,Joints & seals - saw-cut & seal,"Surface treatments: HFS (calcined bauxite), micro-surfacing, slurry seal, surface dressing; BBA HAPAS certs",CD 534; BBA HAPAS
England,CC/CP 204,Pavement surface treatments,Pavements,Joints & seals,overbanding,Joints & seals - overbanding,"Surface treatments: HFS (calcined bauxite), micro-surfacing, slurry seal, surface dressing; BBA HAPAS certs",CD 534; BBA HAPAS
England,CC/CP 204,Pavement surface treatments,Pavements,Joints & seals,longitudinal tie,Joints & seals - longitudinal tie,"Surface treatments: HFS (calcined bauxite), micro-surfacing, slurry seal, surface dressing; BBA HAPAS certs",CD 534; BBA HAPAS
England,CC/CP 204,Pavement surface treatments,Pavements,Joints & seals,transverse contraction,Joints & seals - transverse contraction,"Surface treatments: HFS (calcined bauxite), micro-surfacing, slurry seal, surface dressing; BBA HAPAS certs",CD 534; BBA HAPAS
England,CC/CP 204,Pavement surface treatments,Pavements,Rehabilitation,plane & inlay,Rehabilitation - plane & inlay,"Surface treatments: HFS (calcined bauxite), micro-surfacing, slurry seal, surface dressing; BBA HAPAS certs",CD 534; BBA HAPAS
England,CC/CP 204,Pavement surface treatments,Pavements,Rehabilitation,patch repair,Rehabilitation - patch repair,"Surface treatments: HFS (calcined bauxite), micro-surfacing, slurry seal, surface dressing; BBA HAPAS certs",CD 534; BBA HAPAS
England,CC/CP 204,Pavement surface treatments,Pavements,Rehabilitation,crack & seat,Rehabilitation - crack & seat,"Surface treatments: HFS (calcined bauxite), micro-surfacing, slurry seal, surface dressing; BBA HAPAS certs",CD 534; BBA HAPAS
England,CC/CP 204,Pavement surface treatments,Pavements,Rehabilitation,slab stabilization,Rehabilitation - slab stabilization,"Surface treatments: HFS (calcined bauxite), micro-surfacing, slurry seal, surface dressing; BBA HAPAS certs",CD 534; BBA HAPAS
England,CC/CP 204,Pavement surface treatments,Pavements,Surface treatments,micro-surfacing,Surface treatments - micro-surfacing,"Surface treatments: HFS (calcined bauxite), micro-surfacing, slurry seal, surface dressing; BBA HAPAS certs",CD 534; BBA HAPAS
England,CC/CP 204,Pavement surface treatments,Pavements,Surface treatments,slurry seal,Surface treatments - slurry seal,"Surface treatments: HFS (calcined bauxite), micro-surfacing, slurry seal, surface dressing; BBA HAPAS certs",CD 534; BBA HAPAS
England,CC/CP 204,Pavement surface treatments,Pavements,Surface treatments,surface dressing,Surface treatments - surface dressing,"Surface treatments: HFS (calcined bauxite), micro-surfacing, slurry seal, surface dressing; BBA HAPAS certs",CD 534; BBA HAPAS
England,CC/CP 204,Pavement surface treatments,Pavements,Surface treatments,HFS,Surface treatments - HFS,"Surface treatments: HFS (calcined bauxite), micro-surfacing, slurry seal, surface dressing; BBA HAPAS certs",CD 534; BBA HAPAS
England,CC/CP 204,Pavement surface treatments,Pavements,Ancillaries,road studs,Ancillaries - road studs,"Surface treatments: HFS (calcined bauxite), micro-surfacing, slurry seal, surface dressing; BBA HAPAS certs",CD 534; BBA HAPAS
England,CC/CP 204,Pavement surface treatments,Pavements,Ancillaries,thermocouples,Ancillaries - thermocouples,"Surface treatments: HFS (calcined bauxite), micro-surfacing, slurry seal, surface dressing; BBA HAPAS certs",CD 534; BBA HAPAS
England,CC/CP 204,Pavement surface treatments,Pavements,Ancillaries,embedded sensors,Ancillaries - embedded sensors,"Surface treatments: HFS (calcined bauxite), micro-surfacing, slurry seal, surface dressing; BBA HAPAS certs",CD 534; BBA HAPAS
England,CC/CP 205,Maintenance of asphalt-surfaced pavements,Pavement Maintenance,Governance requirement,spec/procedure,Governance requirement - spec/procedure,"Asphalt patching, planing, crack sealing; materials per CC/CP 202",CD 534; Maintenance Manuals
England,CC/CP 206,Maintenance of concrete pavement layers,Pavement Maintenance,Governance requirement,spec/procedure,Governance requirement - spec/procedure,"Concrete slab replacement, joint repairs; concrete per CC/CP 203",CD 534; Concrete Repair Guidance
England,CC/CP 207,"Footway, cycle track, paved area, kerb & steps",Footways & Kerbs,Kerbs,HB2,Kerbs - HB2,"Kerbs (HB2, SP), edgings, paving flags, tactile paving; BS EN 1340/1339/1338",CD 534; CD 239 (Kerbs & Footways)
England,CC/CP 207,"Footway, cycle track, paved area, kerb & steps",Footways & Kerbs,Kerbs,SP,Kerbs - SP,"Kerbs (HB2, SP), edgings, paving flags, tactile paving; BS EN 1340/1339/1338",CD 534; CD 239 (Kerbs & Footways)
England,CC/CP 207,"Footway, cycle track, paved area, kerb & steps",Footways & Kerbs,Kerbs,transition,Kerbs - transition,"Kerbs (HB2, SP), edgings, paving flags, tactile paving; BS EN 1340/1339/1338",CD 534; CD 239 (Kerbs & Footways)
England,CC/CP 207,"Footway, cycle track, paved area, kerb & steps",Footways & Kerbs,Kerbs,dropped kerb,Kerbs - dropped kerb,"Kerbs (HB2, SP), edgings, paving flags, tactile paving; BS EN 1340/1339/1338",CD 534; CD 239 (Kerbs & Footways)
England,CC/CP 207,"Footway, cycle track, paved area, kerb & steps",Footways & Kerbs,Kerbs,channel,Kerbs - channel,"Kerbs (HB2, SP), edgings, paving flags, tactile paving; BS EN 1340/1339/1338",CD 534; CD 239 (Kerbs & Footways)
England,CC/CP 207,"Footway, cycle track, paved area, kerb & steps",Footways & Kerbs,Edgings,precast concrete,Edgings - precast concrete,"Kerbs (HB2, SP), edgings, paving flags, tactile paving; BS EN 1340/1339/1338",CD 534; CD 239 (Kerbs & Footways)
England,CC/CP 207,"Footway, cycle track, paved area, kerb & steps",Footways & Kerbs,Edgings,natural stone,Edgings - natural stone,"Kerbs (HB2, SP), edgings, paving flags, tactile paving; BS EN 1340/1339/1338",CD 534; CD 239 (Kerbs & Footways)
England,CC/CP 207,"Footway, cycle track, paved area, kerb & steps",Footways & Kerbs,Edgings,recycled composite,Edgings - recycled composite,"Kerbs (HB2, SP), edgings, paving flags, tactile paving; BS EN 1340/1339/1338",CD 534; CD 239 (Kerbs & Footways)
England,CC/CP 207,"Footway, cycle track, paved area, kerb & steps",Footways & Kerbs,Paving,concrete flags,Paving - concrete flags,"Kerbs (HB2, SP), edgings, paving flags, tactile paving; BS EN 1340/1339/1338",CD 534; CD 239 (Kerbs & Footways)
England,CC/CP 207,"Footway, cycle track, paved area, kerb & steps",Footways & Kerbs,Paving,natural stone flags,Paving - natural stone flags,"Kerbs (HB2, SP), edgings, paving flags, tactile paving; BS EN 1340/1339/1338",CD 534; CD 239 (Kerbs & Footways)
England,CC/CP 207,"Footway, cycle track, paved area, kerb & steps",Footways & Kerbs,Paving,block paving,Paving - block paving,"Kerbs (HB2, SP), edgings, paving flags, tactile paving; BS EN 1340/1339/1338",CD 534; CD 239 (Kerbs & Footways)
England,CC/CP 207,"Footway, cycle track, paved area, kerb & steps",Footways & Kerbs,Paving,asphalt footway,Paving - asphalt footway,"Kerbs (HB2, SP), edgings, paving flags, tactile paving; BS EN 1340/1339/1338",CD 534; CD 239 (Kerbs & Footways)
England,CC/CP 207,"Footway, cycle track, paved area, kerb & steps",Footways & Kerbs,Tactile paving,blister,Tactile paving - blister,"Kerbs (HB2, SP), edgings, paving flags, tactile paving; BS EN 1340/1339/1338",CD 534; CD 239 (Kerbs & Footways)
England,CC/CP 207,"Footway, cycle track, paved area, kerb & steps",Footways & Kerbs,Tactile paving,corduroy,Tactile paving - corduroy,"Kerbs (HB2, SP), edgings, paving flags, tactile paving; BS EN 1340/1339/1338",CD 534; CD 239 (Kerbs & Footways)
England,CC/CP 207,"Footway, cycle track, paved area, kerb & steps",Footways & Kerbs,Tactile paving,lozenge,Tactile paving - lozenge,"Kerbs (HB2, SP), edgings, paving flags, tactile paving; BS EN 1340/1339/1338",CD 534; CD 239 (Kerbs & Footways)
England,CC/CP 400,Permanent Road Restraint Systems,Road Restraint Systems,VRS,steel barrier,VRS - steel barrier,Road restraint: VRS BS EN 1317; parapets BS EN 1317-5,CD 226; BS EN 1317
England,CC/CP 400,Permanent Road Restraint Systems,Road Restraint Systems,VRS,concrete barrier,VRS - concrete barrier,Road restraint: VRS BS EN 1317; parapets BS EN 1317-5,CD 226; BS EN 1317
England,CC/CP 400,Permanent Road Restraint Systems,Road Restraint Systems,VRS,wire rope,VRS - wire rope,Road restraint: VRS BS EN 1317; parapets BS EN 1317-5,CD 226; BS EN 1317
England,CC/CP 400,Permanent Road Restraint Systems,Road Restraint Systems,VRS,end terminals,VRS - end terminals,Road restraint: VRS BS EN 1317; parapets BS EN 1317-5,CD 226; BS EN 1317
England,CC/CP 400,Permanent Road Restraint Systems,Road Restraint Systems,Parapets,steel,Parapets - steel,Road restraint: VRS BS EN 1317; parapets BS EN 1317-5,CD 226; BS EN 1317
England,CC/CP 400,Permanent Road Restraint Systems,Road Restraint Systems,Parapets,aluminium,Parapets - aluminium,Road restraint: VRS BS EN 1317; parapets BS EN 1317-5,CD 226; BS EN 1317
England,CC/CP 400,Permanent Road Restraint Systems,Road Restraint Systems,Parapets,stainless,Parapets - stainless,Road restraint: VRS BS EN 1317; parapets BS EN 1317-5,CD 226; BS EN 1317
England,CC/CP 400,Permanent Road Restraint Systems,Road Restraint Systems,Parapets,composite,Parapets - composite,Road restraint: VRS BS EN 1317; parapets BS EN 1317-5,CD 226; BS EN 1317
England,CC/CP 400,Permanent Road Restraint Systems,Road Restraint Systems,Crash cushions,gating,Crash cushions - gating,Road restraint: VRS BS EN 1317; parapets BS EN 1317-5,CD 226; BS EN 1317
England,CC/CP 400,Permanent Road Restraint Systems,Road Restraint Systems,Crash cushions,non-gating,Crash cushions - non-gating,Road restraint: VRS BS EN 1317; parapets BS EN 1317-5,CD 226; BS EN 1317
England,CC/CP 400,Permanent Road Restraint Systems,Road Restraint Systems,Legacy VRS,N2 profiles,Legacy VRS - N2 profiles,Road restraint: VRS BS EN 1317; parapets BS EN 1317-5,CD 226; BS EN 1317
England,CC/CP 400,Permanent Road Restraint Systems,Road Restraint Systems,Legacy VRS,legacy posts,Legacy VRS - legacy posts,Road restraint: VRS BS EN 1317; parapets BS EN 1317-5,CD 226; BS EN 1317
England,CC/CP 400,Permanent Road Restraint Systems,Road Restraint Systems,Temporary VRS,steel barrier,Temporary VRS - steel barrier,Road restraint: VRS BS EN 1317; parapets BS EN 1317-5,CD 226; BS EN 1317
England,CC/CP 400,Permanent Road Restraint Systems,Road Restraint Systems,Temporary VRS,water filled,Temporary VRS - water filled,Road restraint: VRS BS EN 1317; parapets BS EN 1317-5,CD 226; BS EN 1317
England,CC/CP 401,Permanent Legacy Road Restraint Systems,Road Restraint Systems,VRS,steel barrier,VRS - steel barrier,Legacy VRS components,CD 226; Legacy VRS manuals
England,CC/CP 401,Permanent Legacy Road Restraint Systems,Road Restraint Systems,VRS,concrete barrier,VRS - concrete barrier,Legacy VRS components,CD 226; Legacy VRS manuals
England,CC/CP 401,Permanent Legacy Road Restraint Systems,Road Restraint Systems,VRS,wire rope,VRS - wire rope,Legacy VRS components,CD 226; Legacy VRS manuals
England,CC/CP 401,Permanent Legacy Road Restraint Systems,Road Restraint Systems,VRS,end terminals,VRS - end terminals,Legacy VRS components,CD 226; Legacy VRS manuals
England,CC/CP 401,Permanent Legacy Road Restraint Systems,Road Restraint Systems,Parapets,steel,Parapets - steel,Legacy VRS components,CD 226; Legacy VRS manuals
England,CC/CP 401,Permanent Legacy Road Restraint Systems,Road Restraint Systems,Parapets,aluminium,Parapets - aluminium,Legacy VRS components,CD 226; Legacy VRS manuals
England,CC/CP 401,Permanent Legacy Road Restraint Systems,Road Restraint Systems,Parapets,stainless,Parapets - stainless,Legacy VRS components,CD 226; Legacy VRS manuals
England,CC/CP 401,Permanent Legacy Road Restraint Systems,Road Restraint Systems,Parapets,composite,Parapets - composite,Legacy VRS components,CD 226; Legacy VRS manuals
England,CC/CP 401,Permanent Legacy Road Restraint Systems,Road Restraint Systems,Crash cushions,gating,Crash cushions - gating,Legacy VRS components,CD 226; Legacy VRS manuals
England,CC/CP 401,Permanent Legacy Road Restraint Systems,Road Restraint Systems,Crash cushions,non-gating,Crash cushions - non-gating,Legacy VRS components,CD 226; Legacy VRS manuals
England,CC/CP 401,Permanent Legacy Road Restraint Systems,Road Restraint Systems,Legacy VRS,N2 profiles,Legacy VRS - N2 profiles,Legacy VRS components,CD 226; Legacy VRS manuals
England,CC/CP 401,Permanent Legacy Road Restraint Systems,Road Restraint Systems,Legacy VRS,legacy posts,Legacy VRS - legacy posts,Legacy VRS components,CD 226; Legacy VRS manuals
England,CC/CP 401,Permanent Legacy Road Restraint Systems,Road Restraint Systems,Temporary VRS,steel barrier,Temporary VRS - steel barrier,Legacy VRS components,CD 226; Legacy VRS manuals
England,CC/CP 401,Permanent Legacy Road Restraint Systems,Road Restraint Systems,Temporary VRS,water filled,Temporary VRS - water filled,Legacy VRS components,CD 226; Legacy VRS manuals
England,CC/CP 402,Temporary vehicle restraint systems,Temporary Safety Systems,Governance requirement,spec/procedure,Governance requirement - spec/procedure,Temporary VRS: BS EN 1317 tested barriers and cushions,CD 226; Temporary VRS guidance
England,CC/CP 481,Minor Structures,Structures,Concrete works,in-situ deck,Concrete works - in-situ deck,,
England,CC/CP 481,Minor Structures,Structures,Concrete works,precast beams,Concrete works - precast beams,,
England,CC/CP 481,Minor Structures,Structures,Concrete works,abutments,Concrete works - abutments,,
England,CC/CP 481,Minor Structures,Structures,Concrete works,piers,Concrete works - piers,,
England,CC/CP 481,Minor Structures,Structures,Concrete works,foundations,Concrete works - foundations,,
England,CC/CP 481,Minor Structures,Structures,Steelwork,main girders,Steelwork - main girders,,
England,CC/CP 481,Minor Structures,Structures,Steelwork,cross girders,Steelwork - cross girders,,
England,CC/CP 481,Minor Structures,Structures,Steelwork,bracing,Steelwork - bracing,,
England,CC/CP 481,Minor Structures,Structures,Steelwork,diaphragms,Steelwork - diaphragms,,
England,CC/CP 481,Minor Structures,Structures,Waterproofing,SPS membranes,Waterproofing - SPS membranes,,
England,CC/CP 481,Minor Structures,Structures,Waterproofing,sheet,Waterproofing - sheet,,
England,CC/CP 481,Minor Structures,Structures,Waterproofing,spray applied,Waterproofing - spray applied,,
England,CC/CP 481,Minor Structures,Structures,Coatings,surface prep,Coatings - surface prep,,
England,CC/CP 481,Minor Structures,Structures,Coatings,zinc primer,Coatings - zinc primer,,
England,CC/CP 481,Minor Structures,Structures,Coatings,epoxy build,Coatings - epoxy build,,
England,CC/CP 481,Minor Structures,Structures,Coatings,polyurethane finish,Coatings - polyurethane finish,,
England,CC/CP 481,Minor Structures,Structures,Bearings,pot,Bearings - pot,,
England,CC/CP 481,Minor Structures,Structures,Bearings,elastomeric,Bearings - elastomeric,,
England,CC/CP 481,Minor Structures,Structures,Bearings,spherical,Bearings - spherical,,
England,CC/CP 481,Minor Structures,Structures,Bearings,sliding,Bearings - sliding,,
England,CC/CP 481,Minor Structures,Structures,Expansion joints,modular,Expansion joints - modular,,
England,CC/CP 481,Minor Structures,Structures,Expansion joints,elastomeric,Expansion joints - elastomeric,,
England,CC/CP 481,Minor Structures,Structures,Expansion joints,asphaltic plug,Expansion joints - asphaltic plug,,
England,CC/CP 481,Minor Structures,Structures,Masonry,brick,Masonry - brick,,
England,CC/CP 481,Minor Structures,Structures,Masonry,block,Masonry - block,,
England,CC/CP 481,Minor Structures,Structures,Masonry,stone,Masonry - stone,,
England,CC/CP 481,Minor Structures,Structures,Masonry,cladding,Masonry - cladding,,
England,CC/CP 481,Minor Structures,Structures,Minor structures,gantry foundations,Minor structures - gantry foundations,,
England,CC/CP 481,Minor Structures,Structures,Minor structures,CCTV mast bases,Minor structures - CCTV mast bases,,
England,CC/CP 481,Minor Structures,Structures,Minor structures,sign supports,Minor structures - sign supports,,
England,CC/CP 482,Structural concrete,Structures,Concrete works,in-situ deck,Concrete works - in-situ deck,"Structural concrete: C30/37–C50/60; BS EN 206, BS 8500; reinforcement B500B",CD 350; CD 368
England,CC/CP 482,Structural concrete,Structures,Concrete works,precast beams,Concrete works - precast beams,"Structural concrete: C30/37–C50/60; BS EN 206, BS 8500; reinforcement B500B",CD 350; CD 368
England,CC/CP 482,Structural concrete,Structures,Concrete works,abutments,Concrete works - abutments,"Structural concrete: C30/37–C50/60; BS EN 206, BS 8500; reinforcement B500B",CD 350; CD 368
England,CC/CP 482,Structural concrete,Structures,Concrete works,piers,Concrete works - piers,"Structural concrete: C30/37–C50/60; BS EN 206, BS 8500; reinforcement B500B",CD 350; CD 368
England,CC/CP 482,Structural concrete,Structures,Concrete works,foundations,Concrete works - foundations,"Structural concrete: C30/37–C50/60; BS EN 206, BS 8500; reinforcement B500B",CD 350; CD 368
England,CC/CP 482,Structural concrete,Structures,Steelwork,main girders,Steelwork - main girders,"Structural concrete: C30/37–C50/60; BS EN 206, BS 8500; reinforcement B500B",CD 350; CD 368
England,CC/CP 482,Structural concrete,Structures,Steelwork,cross girders,Steelwork - cross girders,"Structural concrete: C30/37–C50/60; BS EN 206, BS 8500; reinforcement B500B",CD 350; CD 368
England,CC/CP 482,Structural concrete,Structures,Steelwork,bracing,Steelwork - bracing,"Structural concrete: C30/37–C50/60; BS EN 206, BS 8500; reinforcement B500B",CD 350; CD 368
England,CC/CP 482,Structural concrete,Structures,Steelwork,diaphragms,Steelwork - diaphragms,"Structural concrete: C30/37–C50/60; BS EN 206, BS 8500; reinforcement B500B",CD 350; CD 368
England,CC/CP 482,Structural concrete,Structures,Waterproofing,SPS membranes,Waterproofing - SPS membranes,"Structural concrete: C30/37–C50/60; BS EN 206, BS 8500; reinforcement B500B",CD 350; CD 368
England,CC/CP 482,Structural concrete,Structures,Waterproofing,sheet,Waterproofing - sheet,"Structural concrete: C30/37–C50/60; BS EN 206, BS 8500; reinforcement B500B",CD 350; CD 368
England,CC/CP 482,Structural concrete,Structures,Waterproofing,spray applied,Waterproofing - spray applied,"Structural concrete: C30/37–C50/60; BS EN 206, BS 8500; reinforcement B500B",CD 350; CD 368
England,CC/CP 482,Structural concrete,Structures,Coatings,surface prep,Coatings - surface prep,"Structural concrete: C30/37–C50/60; BS EN 206, BS 8500; reinforcement B500B",CD 350; CD 368
England,CC/CP 482,Structural concrete,Structures,Coatings,zinc primer,Coatings - zinc primer,"Structural concrete: C30/37–C50/60; BS EN 206, BS 8500; reinforcement B500B",CD 350; CD 368
England,CC/CP 482,Structural concrete,Structures,Coatings,epoxy build,Coatings - epoxy build,"Structural concrete: C30/37–C50/60; BS EN 206, BS 8500; reinforcement B500B",CD 350; CD 368
England,CC/CP 482,Structural concrete,Structures,Coatings,polyurethane finish,Coatings - polyurethane finish,"Structural concrete: C30/37–C50/60; BS EN 206, BS 8500; reinforcement B500B",CD 350; CD 368
England,CC/CP 482,Structural concrete,Structures,Bearings,pot,Bearings - pot,"Structural concrete: C30/37–C50/60; BS EN 206, BS 8500; reinforcement B500B",CD 350; CD 368
England,CC/CP 482,Structural concrete,Structures,Bearings,elastomeric,Bearings - elastomeric,"Structural concrete: C30/37–C50/60; BS EN 206, BS 8500; reinforcement B500B",CD 350; CD 368
England,CC/CP 482,Structural concrete,Structures,Bearings,spherical,Bearings - spherical,"Structural concrete: C30/37–C50/60; BS EN 206, BS 8500; reinforcement B500B",CD 350; CD 368
England,CC/CP 482,Structural concrete,Structures,Bearings,sliding,Bearings - sliding,"Structural concrete: C30/37–C50/60; BS EN 206, BS 8500; reinforcement B500B",CD 350; CD 368
England,CC/CP 482,Structural concrete,Structures,Expansion joints,modular,Expansion joints - modular,"Structural concrete: C30/37–C50/60; BS EN 206, BS 8500; reinforcement B500B",CD 350; CD 368
England,CC/CP 482,Structural concrete,Structures,Expansion joints,elastomeric,Expansion joints - elastomeric,"Structural concrete: C30/37–C50/60; BS EN 206, BS 8500; reinforcement B500B",CD 350; CD 368
England,CC/CP 482,Structural concrete,Structures,Expansion joints,asphaltic plug,Expansion joints - asphaltic plug,"Structural concrete: C30/37–C50/60; BS EN 206, BS 8500; reinforcement B500B",CD 350; CD 368
England,CC/CP 482,Structural concrete,Structures,Masonry,brick,Masonry - brick,"Structural concrete: C30/37–C50/60; BS EN 206, BS 8500; reinforcement B500B",CD 350; CD 368
England,CC/CP 482,Structural concrete,Structures,Masonry,block,Masonry - block,"Structural concrete: C30/37–C50/60; BS EN 206, BS 8500; reinforcement B500B",CD 350; CD 368
England,CC/CP 482,Structural concrete,Structures,Masonry,stone,Masonry - stone,"Structural concrete: C30/37–C50/60; BS EN 206, BS 8500; reinforcement B500B",CD 350; CD 368
England,CC/CP 482,Structural concrete,Structures,Masonry,cladding,Masonry - cladding,"Structural concrete: C30/37–C50/60; BS EN 206, BS 8500; reinforcement B500B",CD 350; CD 368
England,CC/CP 482,Structural concrete,Structures,Minor structures,gantry foundations,Minor structures - gantry foundations,"Structural concrete: C30/37–C50/60; BS EN 206, BS 8500; reinforcement B500B",CD 350; CD 368
England,CC/CP 482,Structural concrete,Structures,Minor structures,CCTV mast bases,Minor structures - CCTV mast bases,"Structural concrete: C30/37–C50/60; BS EN 206, BS 8500; reinforcement B500B",CD 350; CD 368
England,CC/CP 482,Structural concrete,Structures,Minor structures,sign supports,Minor structures - sign supports,"Structural concrete: C30/37–C50/60; BS EN 206, BS 8500; reinforcement B500B",CD 350; CD 368
England,CC/CP 483,Structural steelwork,Structures,Concrete works,in-situ deck,Concrete works - in-situ deck,"Structural steelwork: S355, S460; BS EN 10025; coatings BS EN ISO 12944",CD 370; CD 368
England,CC/CP 483,Structural steelwork,Structures,Concrete works,precast beams,Concrete works - precast beams,"Structural steelwork: S355, S460; BS EN 10025; coatings BS EN ISO 12944",CD 370; CD 368
England,CC/CP 483,Structural steelwork,Structures,Concrete works,abutments,Concrete works - abutments,"Structural steelwork: S355, S460; BS EN 10025; coatings BS EN ISO 12944",CD 370; CD 368
England,CC/CP 483,Structural steelwork,Structures,Concrete works,piers,Concrete works - piers,"Structural steelwork: S355, S460; BS EN 10025; coatings BS EN ISO 12944",CD 370; CD 368
England,CC/CP 483,Structural steelwork,Structures,Concrete works,foundations,Concrete works - foundations,"Structural steelwork: S355, S460; BS EN 10025; coatings BS EN ISO 12944",CD 370; CD 368
England,CC/CP 483,Structural steelwork,Structures,Steelwork,main girders,Steelwork - main girders,"Structural steelwork: S355, S460; BS EN 10025; coatings BS EN ISO 12944",CD 370; CD 368
England,CC/CP 483,Structural steelwork,Structures,Steelwork,cross girders,Steelwork - cross girders,"Structural steelwork: S355, S460; BS EN 10025; coatings BS EN ISO 12944",CD 370; CD 368
England,CC/CP 483,Structural steelwork,Structures,Steelwork,bracing,Steelwork - bracing,"Structural steelwork: S355, S460; BS EN 10025; coatings BS EN ISO 12944",CD 370; CD 368
England,CC/CP 483,Structural steelwork,Structures,Steelwork,diaphragms,Steelwork - diaphragms,"Structural steelwork: S355, S460; BS EN 10025; coatings BS EN ISO 12944",CD 370; CD 368
England,CC/CP 483,Structural steelwork,Structures,Waterproofing,SPS membranes,Waterproofing - SPS membranes,"Structural steelwork: S355, S460; BS EN 10025; coatings BS EN ISO 12944",CD 370; CD 368
England,CC/CP 483,Structural steelwork,Structures,Waterproofing,sheet,Waterproofing - sheet,"Structural steelwork: S355, S460; BS EN 10025; coatings BS EN ISO 12944",CD 370; CD 368
England,CC/CP 483,Structural steelwork,Structures,Waterproofing,spray applied,Waterproofing - spray applied,"Structural steelwork: S355, S460; BS EN 10025; coatings BS EN ISO 12944",CD 370; CD 368
England,CC/CP 483,Structural steelwork,Structures,Coatings,surface prep,Coatings - surface prep,"Structural steelwork: S355, S460; BS EN 10025; coatings BS EN ISO 12944",CD 370; CD 368
England,CC/CP 483,Structural steelwork,Structures,Coatings,zinc primer,Coatings - zinc primer,"Structural steelwork: S355, S460; BS EN 10025; coatings BS EN ISO 12944",CD 370; CD 368
England,CC/CP 483,Structural steelwork,Structures,Coatings,epoxy build,Coatings - epoxy build,"Structural steelwork: S355, S460; BS EN 10025; coatings BS EN ISO 12944",CD 370; CD 368
England,CC/CP 483,Structural steelwork,Structures,Coatings,polyurethane finish,Coatings - polyurethane finish,"Structural steelwork: S355, S460; BS EN 10025; coatings BS EN ISO 12944",CD 370; CD 368
England,CC/CP 483,Structural steelwork,Structures,Bearings,pot,Bearings - pot,"Structural steelwork: S355, S460; BS EN 10025; coatings BS EN ISO 12944",CD 370; CD 368
England,CC/CP 483,Structural steelwork,Structures,Bearings,elastomeric,Bearings - elastomeric,"Structural steelwork: S355, S460; BS EN 10025; coatings BS EN ISO 12944",CD 370; CD 368
England,CC/CP 483,Structural steelwork,Structures,Bearings,spherical,Bearings - spherical,"Structural steelwork: S355, S460; BS EN 10025; coatings BS EN ISO 12944",CD 370; CD 368
England,CC/CP 483,Structural steelwork,Structures,Bearings,sliding,Bearings - sliding,"Structural steelwork: S355, S460; BS EN 10025; coatings BS EN ISO 12944",CD 370; CD 368
England,CC/CP 483,Structural steelwork,Structures,Expansion joints,modular,Expansion joints - modular,"Structural steelwork: S355, S460; BS EN 10025; coatings BS EN ISO 12944",CD 370; CD 368
England,CC/CP 483,Structural steelwork,Structures,Expansion joints,elastomeric,Expansion joints - elastomeric,"Structural steelwork: S355, S460; BS EN 10025; coatings BS EN ISO 12944",CD 370; CD 368
England,CC/CP 483,Structural steelwork,Structures,Expansion joints,asphaltic plug,Expansion joints - asphaltic plug,"Structural steelwork: S355, S460; BS EN 10025; coatings BS EN ISO 12944",CD 370; CD 368
England,CC/CP 483,Structural steelwork,Structures,Masonry,brick,Masonry - brick,"Structural steelwork: S355, S460; BS EN 10025; coatings BS EN ISO 12944",CD 370; CD 368
England,CC/CP 483,Structural steelwork,Structures,Masonry,block,Masonry - block,"Structural steelwork: S355, S460; BS EN 10025; coatings BS EN ISO 12944",CD 370; CD 368
England,CC/CP 483,Structural steelwork,Structures,Masonry,stone,Masonry - stone,"Structural steelwork: S355, S460; BS EN 10025; coatings BS EN ISO 12944",CD 370; CD 368
England,CC/CP 483,Structural steelwork,Structures,Masonry,cladding,Masonry - cladding,"Structural steelwork: S355, S460; BS EN 10025; coatings BS EN ISO 12944",CD 370; CD 368
England,CC/CP 483,Structural steelwork,Structures,Minor structures,gantry foundations,Minor structures - gantry foundations,"Structural steelwork: S355, S460; BS EN 10025; coatings BS EN ISO 12944",CD 370; CD 368
England,CC/CP 483,Structural steelwork,Structures,Minor structures,CCTV mast bases,Minor structures - CCTV mast bases,"Structural steelwork: S355, S460; BS EN 10025; coatings BS EN ISO 12944",CD 370; CD 368
England,CC/CP 483,Structural steelwork,Structures,Minor structures,sign supports,Minor structures - sign supports,"Structural steelwork: S355, S460; BS EN 10025; coatings BS EN ISO 12944",CD 370; CD 368
England,CC/CP 484,Concrete repairs,Structures Maintenance,Governance requirement,spec/procedure,Governance requirement - spec/procedure,,
England,CC/CP 486,Protection of steelwork against corrosion,Protective Coatings,Governance requirement,spec/procedure,Governance requirement - spec/procedure,"Protective coatings: zinc primer, epoxy build, polyurethane finish; BS EN ISO 12944",CD 370; NH paint system certs
England,CC/CP 488,Waterproofing for concrete structures,Structures,Concrete works,in-situ deck,Concrete works - in-situ deck,"Bridge deck waterproofing: sheet, spray applied; BBA HAPAS certs",CD 368; Waterproofing guidance
England,CC/CP 488,Waterproofing for concrete structures,Structures,Concrete works,precast beams,Concrete works - precast beams,"Bridge deck waterproofing: sheet, spray applied; BBA HAPAS certs",CD 368; Waterproofing guidance
England,CC/CP 488,Waterproofing for concrete structures,Structures,Concrete works,abutments,Concrete works - abutments,"Bridge deck waterproofing: sheet, spray applied; BBA HAPAS certs",CD 368; Waterproofing guidance
England,CC/CP 488,Waterproofing for concrete structures,Structures,Concrete works,piers,Concrete works - piers,"Bridge deck waterproofing: sheet, spray applied; BBA HAPAS certs",CD 368; Waterproofing guidance
England,CC/CP 488,Waterproofing for concrete structures,Structures,Concrete works,foundations,Concrete works - foundations,"Bridge deck waterproofing: sheet, spray applied; BBA HAPAS certs",CD 368; Waterproofing guidance
England,CC/CP 488,Waterproofing for concrete structures,Structures,Steelwork,main girders,Steelwork - main girders,"Bridge deck waterproofing: sheet, spray applied; BBA HAPAS certs",CD 368; Waterproofing guidance
England,CC/CP 488,Waterproofing for concrete structures,Structures,Steelwork,cross girders,Steelwork - cross girders,"Bridge deck waterproofing: sheet, spray applied; BBA HAPAS certs",CD 368; Waterproofing guidance
England,CC/CP 488,Waterproofing for concrete structures,Structures,Steelwork,bracing,Steelwork - bracing,"Bridge deck waterproofing: sheet, spray applied; BBA HAPAS certs",CD 368; Waterproofing guidance
England,CC/CP 488,Waterproofing for concrete structures,Structures,Steelwork,diaphragms,Steelwork - diaphragms,"Bridge deck waterproofing: sheet, spray applied; BBA HAPAS certs",CD 368; Waterproofing guidance
England,CC/CP 488,Waterproofing for concrete structures,Structures,Waterproofing,SPS membranes,Waterproofing - SPS membranes,"Bridge deck waterproofing: sheet, spray applied; BBA HAPAS certs",CD 368; Waterproofing guidance
England,CC/CP 488,Waterproofing for concrete structures,Structures,Waterproofing,sheet,Waterproofing - sheet,"Bridge deck waterproofing: sheet, spray applied; BBA HAPAS certs",CD 368; Waterproofing guidance
England,CC/CP 488,Waterproofing for concrete structures,Structures,Waterproofing,spray applied,Waterproofing - spray applied,"Bridge deck waterproofing: sheet, spray applied; BBA HAPAS certs",CD 368; Waterproofing guidance
England,CC/CP 488,Waterproofing for concrete structures,Structures,Coatings,surface prep,Coatings - surface prep,"Bridge deck waterproofing: sheet, spray applied; BBA HAPAS certs",CD 368; Waterproofing guidance
England,CC/CP 488,Waterproofing for concrete structures,Structures,Coatings,zinc primer,Coatings - zinc primer,"Bridge deck waterproofing: sheet, spray applied; BBA HAPAS certs",CD 368; Waterproofing guidance
England,CC/CP 488,Waterproofing for concrete structures,Structures,Coatings,epoxy build,Coatings - epoxy build,"Bridge deck waterproofing: sheet, spray applied; BBA HAPAS certs",CD 368; Waterproofing guidance
England,CC/CP 488,Waterproofing for concrete structures,Structures,Coatings,polyurethane finish,Coatings - polyurethane finish,"Bridge deck waterproofing: sheet, spray applied; BBA HAPAS certs",CD 368; Waterproofing guidance
England,CC/CP 488,Waterproofing for concrete structures,Structures,Bearings,pot,Bearings - pot,"Bridge deck waterproofing: sheet, spray applied; BBA HAPAS certs",CD 368; Waterproofing guidance
England,CC/CP 488,Waterproofing for concrete structures,Structures,Bearings,elastomeric,Bearings - elastomeric,"Bridge deck waterproofing: sheet, spray applied; BBA HAPAS certs",CD 368; Waterproofing guidance
England,CC/CP 488,Waterproofing for concrete structures,Structures,Bearings,spherical,Bearings - spherical,"Bridge deck waterproofing: sheet, spray applied; BBA HAPAS certs",CD 368; Waterproofing guidance
England,CC/CP 488,Waterproofing for concrete structures,Structures,Bearings,sliding,Bearings - sliding,"Bridge deck waterproofing: sheet, spray applied; BBA HAPAS certs",CD 368; Waterproofing guidance
England,CC/CP 488,Waterproofing for concrete structures,Structures,Expansion joints,modular,Expansion joints - modular,"Bridge deck waterproofing: sheet, spray applied; BBA HAPAS certs",CD 368; Waterproofing guidance
England,CC/CP 488,Waterproofing for concrete structures,Structures,Expansion joints,elastomeric,Expansion joints - elastomeric,"Bridge deck waterproofing: sheet, spray applied; BBA HAPAS certs",CD 368; Waterproofing guidance
England,CC/CP 488,Waterproofing for concrete structures,Structures,Expansion joints,asphaltic plug,Expansion joints - asphaltic plug,"Bridge deck waterproofing: sheet, spray applied; BBA HAPAS certs",CD 368; Waterproofing guidance
England,CC/CP 488,Waterproofing for concrete structures,Structures,Masonry,brick,Masonry - brick,"Bridge deck waterproofing: sheet, spray applied; BBA HAPAS certs",CD 368; Waterproofing guidance
England,CC/CP 488,Waterproofing for concrete structures,Structures,Masonry,block,Masonry - block,"Bridge deck waterproofing: sheet, spray applied; BBA HAPAS certs",CD 368; Waterproofing guidance
England,CC/CP 488,Waterproofing for concrete structures,Structures,Masonry,stone,Masonry - stone,"Bridge deck waterproofing: sheet, spray applied; BBA HAPAS certs",CD 368; Waterproofing guidance
England,CC/CP 488,Waterproofing for concrete structures,Structures,Masonry,cladding,Masonry - cladding,"Bridge deck waterproofing: sheet, spray applied; BBA HAPAS certs",CD 368; Waterproofing guidance
England,CC/CP 488,Waterproofing for concrete structures,Structures,Minor structures,gantry foundations,Minor structures - gantry foundations,"Bridge deck waterproofing: sheet, spray applied; BBA HAPAS certs",CD 368; Waterproofing guidance
England,CC/CP 488,Waterproofing for concrete structures,Structures,Minor structures,CCTV mast bases,Minor structures - CCTV mast bases,"Bridge deck waterproofing: sheet, spray applied; BBA HAPAS certs",CD 368; Waterproofing guidance
England,CC/CP 488,Waterproofing for concrete structures,Structures,Minor structures,sign supports,Minor structures - sign supports,"Bridge deck waterproofing: sheet, spray applied; BBA HAPAS certs",CD 368; Waterproofing guidance
England,CC/CP 489,Bridge bearings,Bridge Components,Governance requirement,spec/procedure,Governance requirement - spec/procedure,"Bearings: elastomeric (BS EN 1337-3), pot (BS EN 1337-5), spherical (BS EN 1337-7)",CD 368; SHW 200
England,CC/CP 490,Bridge expansion joints and sealing of gaps,Bridge Components,Governance requirement,spec/procedure,Governance requirement - spec/procedure,"Expansion joints: modular, elastomeric, asphaltic plug; NHCS",CD 368; SHW 200
England,CC/CP 491,"Brickwork, Blockwork and Stonework",Structures / Walls,Governance requirement,spec/procedure,Governance requirement - spec/procedure,,
England,CC/CP 495,Miscellaneous,Miscellaneous,Misc items,bollards,Misc items - bollards,,
England,CC/CP 495,Miscellaneous,Miscellaneous,Misc items,street furniture,Misc items - street furniture,,
England,CC/CP 495,Miscellaneous,Miscellaneous,Misc items,barriers - non-VRS,Misc items - barriers - non-VRS,,
England,CC/CP 500,Drainage,Drainage,Pipes,concrete,Pipes - concrete,"Pipes (BS EN 1916 concrete, BS EN 295 VC clay, BS EN 1401 uPVC, BS EN 13476 HDPE, BS EN 14364 GRP); Manholes (BS EN 1917 precast); Covers (BS EN 124-2 classes D400-F900)",CD 529; SHW Appendix 5/2
England,CC/CP 500,Drainage,Drainage,Pipes,VC clay,Pipes - VC clay,"Pipes (BS EN 1916 concrete, BS EN 295 VC clay, BS EN 1401 uPVC, BS EN 13476 HDPE, BS EN 14364 GRP); Manholes (BS EN 1917 precast); Covers (BS EN 124-2 classes D400-F900)",CD 529; SHW Appendix 5/2
England,CC/CP 500,Drainage,Drainage,Pipes,uPVC,Pipes - uPVC,"Pipes (BS EN 1916 concrete, BS EN 295 VC clay, BS EN 1401 uPVC, BS EN 13476 HDPE, BS EN 14364 GRP); Manholes (BS EN 1917 precast); Covers (BS EN 124-2 classes D400-F900)",CD 529; SHW Appendix 5/2
England,CC/CP 500,Drainage,Drainage,Pipes,HDPE,Pipes - HDPE,"Pipes (BS EN 1916 concrete, BS EN 295 VC clay, BS EN 1401 uPVC, BS EN 13476 HDPE, BS EN 14364 GRP); Manholes (BS EN 1917 precast); Covers (BS EN 124-2 classes D400-F900)",CD 529; SHW Appendix 5/2
England,CC/CP 500,Drainage,Drainage,Pipes,GRP,Pipes - GRP,"Pipes (BS EN 1916 concrete, BS EN 295 VC clay, BS EN 1401 uPVC, BS EN 13476 HDPE, BS EN 14364 GRP); Manholes (BS EN 1917 precast); Covers (BS EN 124-2 classes D400-F900)",CD 529; SHW Appendix 5/2
England,CC/CP 500,Drainage,Drainage,Pipes,ductile iron,Pipes - ductile iron,"Pipes (BS EN 1916 concrete, BS EN 295 VC clay, BS EN 1401 uPVC, BS EN 13476 HDPE, BS EN 14364 GRP); Manholes (BS EN 1917 precast); Covers (BS EN 124-2 classes D400-F900)",CD 529; SHW Appendix 5/2
England,CC/CP 500,Drainage,Drainage,Pipe joints,rubber ring,Pipe joints - rubber ring,"Pipes (BS EN 1916 concrete, BS EN 295 VC clay, BS EN 1401 uPVC, BS EN 13476 HDPE, BS EN 14364 GRP); Manholes (BS EN 1917 precast); Covers (BS EN 124-2 classes D400-F900)",CD 529; SHW Appendix 5/2
England,CC/CP 500,Drainage,Drainage,Pipe joints,butt-fused,Pipe joints - butt-fused,"Pipes (BS EN 1916 concrete, BS EN 295 VC clay, BS EN 1401 uPVC, BS EN 13476 HDPE, BS EN 14364 GRP); Manholes (BS EN 1917 precast); Covers (BS EN 124-2 classes D400-F900)",CD 529; SHW Appendix 5/2
England,CC/CP 500,Drainage,Drainage,Pipe joints,electrofusion,Pipe joints - electrofusion,"Pipes (BS EN 1916 concrete, BS EN 295 VC clay, BS EN 1401 uPVC, BS EN 13476 HDPE, BS EN 14364 GRP); Manholes (BS EN 1917 precast); Covers (BS EN 124-2 classes D400-F900)",CD 529; SHW Appendix 5/2
England,CC/CP 500,Drainage,Drainage,Pipe joints,couplers,Pipe joints - couplers,"Pipes (BS EN 1916 concrete, BS EN 295 VC clay, BS EN 1401 uPVC, BS EN 13476 HDPE, BS EN 14364 GRP); Manholes (BS EN 1917 precast); Covers (BS EN 124-2 classes D400-F900)",CD 529; SHW Appendix 5/2
England,CC/CP 500,Drainage,Drainage,Manholes,precast concrete,Manholes - precast concrete,"Pipes (BS EN 1916 concrete, BS EN 295 VC clay, BS EN 1401 uPVC, BS EN 13476 HDPE, BS EN 14364 GRP); Manholes (BS EN 1917 precast); Covers (BS EN 124-2 classes D400-F900)",CD 529; SHW Appendix 5/2
England,CC/CP 500,Drainage,Drainage,Manholes,brick,Manholes - brick,"Pipes (BS EN 1916 concrete, BS EN 295 VC clay, BS EN 1401 uPVC, BS EN 13476 HDPE, BS EN 14364 GRP); Manholes (BS EN 1917 precast); Covers (BS EN 124-2 classes D400-F900)",CD 529; SHW Appendix 5/2
England,CC/CP 500,Drainage,Drainage,Manholes,plastic,Manholes - plastic,"Pipes (BS EN 1916 concrete, BS EN 295 VC clay, BS EN 1401 uPVC, BS EN 13476 HDPE, BS EN 14364 GRP); Manholes (BS EN 1917 precast); Covers (BS EN 124-2 classes D400-F900)",CD 529; SHW Appendix 5/2
England,CC/CP 500,Drainage,Drainage,Manholes,composite covers,Manholes - composite covers,"Pipes (BS EN 1916 concrete, BS EN 295 VC clay, BS EN 1401 uPVC, BS EN 13476 HDPE, BS EN 14364 GRP); Manholes (BS EN 1917 precast); Covers (BS EN 124-2 classes D400-F900)",CD 529; SHW Appendix 5/2
England,CC/CP 500,Drainage,Drainage,Chambers,catchpit,Chambers - catchpit,"Pipes (BS EN 1916 concrete, BS EN 295 VC clay, BS EN 1401 uPVC, BS EN 13476 HDPE, BS EN 14364 GRP); Manholes (BS EN 1917 precast); Covers (BS EN 124-2 classes D400-F900)",CD 529; SHW Appendix 5/2
England,CC/CP 500,Drainage,Drainage,Chambers,inspection,Chambers - inspection,"Pipes (BS EN 1916 concrete, BS EN 295 VC clay, BS EN 1401 uPVC, BS EN 13476 HDPE, BS EN 14364 GRP); Manholes (BS EN 1917 precast); Covers (BS EN 124-2 classes D400-F900)",CD 529; SHW Appendix 5/2
England,CC/CP 500,Drainage,Drainage,Chambers,control,Chambers - control,"Pipes (BS EN 1916 concrete, BS EN 295 VC clay, BS EN 1401 uPVC, BS EN 13476 HDPE, BS EN 14364 GRP); Manholes (BS EN 1917 precast); Covers (BS EN 124-2 classes D400-F900)",CD 529; SHW Appendix 5/2
England,CC/CP 500,Drainage,Drainage,Chambers,penstock,Chambers - penstock,"Pipes (BS EN 1916 concrete, BS EN 295 VC clay, BS EN 1401 uPVC, BS EN 13476 HDPE, BS EN 14364 GRP); Manholes (BS EN 1917 precast); Covers (BS EN 124-2 classes D400-F900)",CD 529; SHW Appendix 5/2
England,CC/CP 500,Drainage,Drainage,Gullies & inlets,kerb gully,Gullies & inlets - kerb gully,"Pipes (BS EN 1916 concrete, BS EN 295 VC clay, BS EN 1401 uPVC, BS EN 13476 HDPE, BS EN 14364 GRP); Manholes (BS EN 1917 precast); Covers (BS EN 124-2 classes D400-F900)",CD 529; SHW Appendix 5/2
England,CC/CP 500,Drainage,Drainage,Gullies & inlets,slot drain inlet,Gullies & inlets - slot drain inlet,"Pipes (BS EN 1916 concrete, BS EN 295 VC clay, BS EN 1401 uPVC, BS EN 13476 HDPE, BS EN 14364 GRP); Manholes (BS EN 1917 precast); Covers (BS EN 124-2 classes D400-F900)",CD 529; SHW Appendix 5/2
England,CC/CP 500,Drainage,Drainage,Gullies & inlets,grate inlet,Gullies & inlets - grate inlet,"Pipes (BS EN 1916 concrete, BS EN 295 VC clay, BS EN 1401 uPVC, BS EN 13476 HDPE, BS EN 14364 GRP); Manholes (BS EN 1917 precast); Covers (BS EN 124-2 classes D400-F900)",CD 529; SHW Appendix 5/2
England,CC/CP 500,Drainage,Drainage,Gullies & inlets,kerb offlet,Gullies & inlets - kerb offlet,"Pipes (BS EN 1916 concrete, BS EN 295 VC clay, BS EN 1401 uPVC, BS EN 13476 HDPE, BS EN 14364 GRP); Manholes (BS EN 1917 precast); Covers (BS EN 124-2 classes D400-F900)",CD 529; SHW Appendix 5/2
England,CC/CP 500,Drainage,Drainage,Linear/channel drains,polymer concrete,Linear/channel drains - polymer concrete,"Pipes (BS EN 1916 concrete, BS EN 295 VC clay, BS EN 1401 uPVC, BS EN 13476 HDPE, BS EN 14364 GRP); Manholes (BS EN 1917 precast); Covers (BS EN 124-2 classes D400-F900)",CD 529; SHW Appendix 5/2
England,CC/CP 500,Drainage,Drainage,Linear/channel drains,concrete,Linear/channel drains - concrete,"Pipes (BS EN 1916 concrete, BS EN 295 VC clay, BS EN 1401 uPVC, BS EN 13476 HDPE, BS EN 14364 GRP); Manholes (BS EN 1917 precast); Covers (BS EN 124-2 classes D400-F900)",CD 529; SHW Appendix 5/2
England,CC/CP 500,Drainage,Drainage,Linear/channel drains,composite,Linear/channel drains - composite,"Pipes (BS EN 1916 concrete, BS EN 295 VC clay, BS EN 1401 uPVC, BS EN 13476 HDPE, BS EN 14364 GRP); Manholes (BS EN 1917 precast); Covers (BS EN 124-2 classes D400-F900)",CD 529; SHW Appendix 5/2
England,CC/CP 500,Drainage,Drainage,Linear/channel drains,stainless edge,Linear/channel drains - stainless edge,"Pipes (BS EN 1916 concrete, BS EN 295 VC clay, BS EN 1401 uPVC, BS EN 13476 HDPE, BS EN 14364 GRP); Manholes (BS EN 1917 precast); Covers (BS EN 124-2 classes D400-F900)",CD 529; SHW Appendix 5/2
England,CC/CP 500,Drainage,Drainage,Headwalls & outfalls,precast headwall,Headwalls & outfalls - precast headwall,"Pipes (BS EN 1916 concrete, BS EN 295 VC clay, BS EN 1401 uPVC, BS EN 13476 HDPE, BS EN 14364 GRP); Manholes (BS EN 1917 precast); Covers (BS EN 124-2 classes D400-F900)",CD 529; SHW Appendix 5/2
England,CC/CP 500,Drainage,Drainage,Headwalls & outfalls,cast in-situ,Headwalls & outfalls - cast in-situ,"Pipes (BS EN 1916 concrete, BS EN 295 VC clay, BS EN 1401 uPVC, BS EN 13476 HDPE, BS EN 14364 GRP); Manholes (BS EN 1917 precast); Covers (BS EN 124-2 classes D400-F900)",CD 529; SHW Appendix 5/2
England,CC/CP 500,Drainage,Drainage,Headwalls & outfalls,flap valve,Headwalls & outfalls - flap valve,"Pipes (BS EN 1916 concrete, BS EN 295 VC clay, BS EN 1401 uPVC, BS EN 13476 HDPE, BS EN 14364 GRP); Manholes (BS EN 1917 precast); Covers (BS EN 124-2 classes D400-F900)",CD 529; SHW Appendix 5/2
England,CC/CP 500,Drainage,Drainage,Headwalls & outfalls,grille,Headwalls & outfalls - grille,"Pipes (BS EN 1916 concrete, BS EN 295 VC clay, BS EN 1401 uPVC, BS EN 13476 HDPE, BS EN 14364 GRP); Manholes (BS EN 1917 precast); Covers (BS EN 124-2 classes D400-F900)",CD 529; SHW Appendix 5/2
England,CC/CP 500,Drainage,Drainage,SuDS,swale,SuDS - swale,"Pipes (BS EN 1916 concrete, BS EN 295 VC clay, BS EN 1401 uPVC, BS EN 13476 HDPE, BS EN 14364 GRP); Manholes (BS EN 1917 precast); Covers (BS EN 124-2 classes D400-F900)",CD 529; SHW Appendix 5/2
England,CC/CP 500,Drainage,Drainage,SuDS,detention basin,SuDS - detention basin,"Pipes (BS EN 1916 concrete, BS EN 295 VC clay, BS EN 1401 uPVC, BS EN 13476 HDPE, BS EN 14364 GRP); Manholes (BS EN 1917 precast); Covers (BS EN 124-2 classes D400-F900)",CD 529; SHW Appendix 5/2
England,CC/CP 500,Drainage,Drainage,SuDS,infiltration trench,SuDS - infiltration trench,"Pipes (BS EN 1916 concrete, BS EN 295 VC clay, BS EN 1401 uPVC, BS EN 13476 HDPE, BS EN 14364 GRP); Manholes (BS EN 1917 precast); Covers (BS EN 124-2 classes D400-F900)",CD 529; SHW Appendix 5/2
England,CC/CP 500,Drainage,Drainage,SuDS,soakaway,SuDS - soakaway,"Pipes (BS EN 1916 concrete, BS EN 295 VC clay, BS EN 1401 uPVC, BS EN 13476 HDPE, BS EN 14364 GRP); Manholes (BS EN 1917 precast); Covers (BS EN 124-2 classes D400-F900)",CD 529; SHW Appendix 5/2
England,CC/CP 500,Drainage,Drainage,SuDS,permeable paving,SuDS - permeable paving,"Pipes (BS EN 1916 concrete, BS EN 295 VC clay, BS EN 1401 uPVC, BS EN 13476 HDPE, BS EN 14364 GRP); Manholes (BS EN 1917 precast); Covers (BS EN 124-2 classes D400-F900)",CD 529; SHW Appendix 5/2
England,CC/CP 500,Drainage,Drainage,SuDS,raingarden,SuDS - raingarden,"Pipes (BS EN 1916 concrete, BS EN 295 VC clay, BS EN 1401 uPVC, BS EN 13476 HDPE, BS EN 14364 GRP); Manholes (BS EN 1917 precast); Covers (BS EN 124-2 classes D400-F900)",CD 529; SHW Appendix 5/2
England,CC/CP 500,Drainage,Drainage,Stormwater control,vortex separator,Stormwater control - vortex separator,"Pipes (BS EN 1916 concrete, BS EN 295 VC clay, BS EN 1401 uPVC, BS EN 13476 HDPE, BS EN 14364 GRP); Manholes (BS EN 1917 precast); Covers (BS EN 124-2 classes D400-F900)",CD 529; SHW Appendix 5/2
England,CC/CP 500,Drainage,Drainage,Stormwater control,attenuation tank,Stormwater control - attenuation tank,"Pipes (BS EN 1916 concrete, BS EN 295 VC clay, BS EN 1401 uPVC, BS EN 13476 HDPE, BS EN 14364 GRP); Manholes (BS EN 1917 precast); Covers (BS EN 124-2 classes D400-F900)",CD 529; SHW Appendix 5/2
England,CC/CP 500,Drainage,Drainage,Stormwater control,flow control,Stormwater control - flow control,"Pipes (BS EN 1916 concrete, BS EN 295 VC clay, BS EN 1401 uPVC, BS EN 13476 HDPE, BS EN 14364 GRP); Manholes (BS EN 1917 precast); Covers (BS EN 124-2 classes D400-F900)",CD 529; SHW Appendix 5/2
England,CC/CP 500,Drainage,Drainage,Stormwater control,orifice plate,Stormwater control - orifice plate,"Pipes (BS EN 1916 concrete, BS EN 295 VC clay, BS EN 1401 uPVC, BS EN 13476 HDPE, BS EN 14364 GRP); Manholes (BS EN 1917 precast); Covers (BS EN 124-2 classes D400-F900)",CD 529; SHW Appendix 5/2
England,CC/CP 500,Drainage,Drainage,Culverts,box,Culverts - box,"Pipes (BS EN 1916 concrete, BS EN 295 VC clay, BS EN 1401 uPVC, BS EN 13476 HDPE, BS EN 14364 GRP); Manholes (BS EN 1917 precast); Covers (BS EN 124-2 classes D400-F900)",CD 529; SHW Appendix 5/2
England,CC/CP 500,Drainage,Drainage,Culverts,arch,Culverts - arch,"Pipes (BS EN 1916 concrete, BS EN 295 VC clay, BS EN 1401 uPVC, BS EN 13476 HDPE, BS EN 14364 GRP); Manholes (BS EN 1917 precast); Covers (BS EN 124-2 classes D400-F900)",CD 529; SHW Appendix 5/2
England,CC/CP 500,Drainage,Drainage,Culverts,pipe,Culverts - pipe,"Pipes (BS EN 1916 concrete, BS EN 295 VC clay, BS EN 1401 uPVC, BS EN 13476 HDPE, BS EN 14364 GRP); Manholes (BS EN 1917 precast); Covers (BS EN 124-2 classes D400-F900)",CD 529; SHW Appendix 5/2
England,CC/CP 500,Drainage,Drainage,Culverts,CSBS,Culverts - CSBS,"Pipes (BS EN 1916 concrete, BS EN 295 VC clay, BS EN 1401 uPVC, BS EN 13476 HDPE, BS EN 14364 GRP); Manholes (BS EN 1917 precast); Covers (BS EN 124-2 classes D400-F900)",CD 529; SHW Appendix 5/2
England,CC/CP 500,Drainage,Drainage,Relining,CIPP,Relining - CIPP,"Pipes (BS EN 1916 concrete, BS EN 295 VC clay, BS EN 1401 uPVC, BS EN 13476 HDPE, BS EN 14364 GRP); Manholes (BS EN 1917 precast); Covers (BS EN 124-2 classes D400-F900)",CD 529; SHW Appendix 5/2
England,CC/CP 500,Drainage,Drainage,Relining,spiral wound,Relining - spiral wound,"Pipes (BS EN 1916 concrete, BS EN 295 VC clay, BS EN 1401 uPVC, BS EN 13476 HDPE, BS EN 14364 GRP); Manholes (BS EN 1917 precast); Covers (BS EN 124-2 classes D400-F900)",CD 529; SHW Appendix 5/2
England,CC/CP 500,Drainage,Drainage,Relining,slip lining,Relining - slip lining,"Pipes (BS EN 1916 concrete, BS EN 295 VC clay, BS EN 1401 uPVC, BS EN 13476 HDPE, BS EN 14364 GRP); Manholes (BS EN 1917 precast); Covers (BS EN 124-2 classes D400-F900)",CD 529; SHW Appendix 5/2
England,CC/CP 500,Drainage,Drainage,Maintenance ops,jetting,Maintenance ops - jetting,"Pipes (BS EN 1916 concrete, BS EN 295 VC clay, BS EN 1401 uPVC, BS EN 13476 HDPE, BS EN 14364 GRP); Manholes (BS EN 1917 precast); Covers (BS EN 124-2 classes D400-F900)",CD 529; SHW Appendix 5/2
England,CC/CP 500,Drainage,Drainage,Maintenance ops,CCTV survey,Maintenance ops - CCTV survey,"Pipes (BS EN 1916 concrete, BS EN 295 VC clay, BS EN 1401 uPVC, BS EN 13476 HDPE, BS EN 14364 GRP); Manholes (BS EN 1917 precast); Covers (BS EN 124-2 classes D400-F900)",CD 529; SHW Appendix 5/2
England,CC/CP 500,Drainage,Drainage,Maintenance ops,desilting,Maintenance ops - desilting,"Pipes (BS EN 1916 concrete, BS EN 295 VC clay, BS EN 1401 uPVC, BS EN 13476 HDPE, BS EN 14364 GRP); Manholes (BS EN 1917 precast); Covers (BS EN 124-2 classes D400-F900)",CD 529; SHW Appendix 5/2
England,CC/CP 500,Drainage,Drainage,Maintenance ops,root cutting,Maintenance ops - root cutting,"Pipes (BS EN 1916 concrete, BS EN 295 VC clay, BS EN 1401 uPVC, BS EN 13476 HDPE, BS EN 14364 GRP); Manholes (BS EN 1917 precast); Covers (BS EN 124-2 classes D400-F900)",CD 529; SHW Appendix 5/2
England,CC/CP 601,Earthworks,Earthworks & Geotechnics,Embankments,general fill,Embankments - general fill,"Fill (6I/6J), general/selected fill; stabilisation (lime/cement); NH Appendix 6/1",CD 622; SHW Appendix 6/1
England,CC/CP 601,Earthworks,Earthworks & Geotechnics,Embankments,selected fill 6I/6J,Embankments - selected fill 6I/6J,"Fill (6I/6J), general/selected fill; stabilisation (lime/cement); NH Appendix 6/1",CD 622; SHW Appendix 6/1
England,CC/CP 601,Earthworks,Earthworks & Geotechnics,Embankments,lightweight fill,Embankments - lightweight fill,"Fill (6I/6J), general/selected fill; stabilisation (lime/cement); NH Appendix 6/1",CD 622; SHW Appendix 6/1
England,CC/CP 601,Earthworks,Earthworks & Geotechnics,Cuttings,rock,Cuttings - rock,"Fill (6I/6J), general/selected fill; stabilisation (lime/cement); NH Appendix 6/1",CD 622; SHW Appendix 6/1
England,CC/CP 601,Earthworks,Earthworks & Geotechnics,Cuttings,soil,Cuttings - soil,"Fill (6I/6J), general/selected fill; stabilisation (lime/cement); NH Appendix 6/1",CD 622; SHW Appendix 6/1
England,CC/CP 601,Earthworks,Earthworks & Geotechnics,Cuttings,stability measures,Cuttings - stability measures,"Fill (6I/6J), general/selected fill; stabilisation (lime/cement); NH Appendix 6/1",CD 622; SHW Appendix 6/1
England,CC/CP 601,Earthworks,Earthworks & Geotechnics,Ground improvement,lime/cement stabilisation,Ground improvement - lime/cement stabilisation,"Fill (6I/6J), general/selected fill; stabilisation (lime/cement); NH Appendix 6/1",CD 622; SHW Appendix 6/1
England,CC/CP 601,Earthworks,Earthworks & Geotechnics,Ground improvement,stone columns,Ground improvement - stone columns,"Fill (6I/6J), general/selected fill; stabilisation (lime/cement); NH Appendix 6/1",CD 622; SHW Appendix 6/1
England,CC/CP 601,Earthworks,Earthworks & Geotechnics,Reinforcement,geogrid,Reinforcement - geogrid,"Fill (6I/6J), general/selected fill; stabilisation (lime/cement); NH Appendix 6/1",CD 622; SHW Appendix 6/1
England,CC/CP 601,Earthworks,Earthworks & Geotechnics,Reinforcement,geotextile,Reinforcement - geotextile,"Fill (6I/6J), general/selected fill; stabilisation (lime/cement); NH Appendix 6/1",CD 622; SHW Appendix 6/1
England,CC/CP 601,Earthworks,Earthworks & Geotechnics,Reinforcement,soil nails,Reinforcement - soil nails,"Fill (6I/6J), general/selected fill; stabilisation (lime/cement); NH Appendix 6/1",CD 622; SHW Appendix 6/1
England,CC/CP 601,Earthworks,Earthworks & Geotechnics,Drainage layers,blanket,Drainage layers - blanket,"Fill (6I/6J), general/selected fill; stabilisation (lime/cement); NH Appendix 6/1",CD 622; SHW Appendix 6/1
England,CC/CP 601,Earthworks,Earthworks & Geotechnics,Drainage layers,edge drain,Drainage layers - edge drain,"Fill (6I/6J), general/selected fill; stabilisation (lime/cement); NH Appendix 6/1",CD 622; SHW Appendix 6/1
England,CC/CP 602,Piling and Embedded Retaining Walls,Foundations & Retaining,Piles,CFA,Piles - CFA,"Piles: CFA, bored, driven; Reinforcement B500B; Concrete BS EN 206; Steel S355",CD 622; Piling specs
England,CC/CP 602,Piling and Embedded Retaining Walls,Foundations & Retaining,Piles,bored,Piles - bored,"Piles: CFA, bored, driven; Reinforcement B500B; Concrete BS EN 206; Steel S355",CD 622; Piling specs
England,CC/CP 602,Piling and Embedded Retaining Walls,Foundations & Retaining,Piles,driven steel,Piles - driven steel,"Piles: CFA, bored, driven; Reinforcement B500B; Concrete BS EN 206; Steel S355",CD 622; Piling specs
England,CC/CP 602,Piling and Embedded Retaining Walls,Foundations & Retaining,Piles,mini-piles,Piles - mini-piles,"Piles: CFA, bored, driven; Reinforcement B500B; Concrete BS EN 206; Steel S355",CD 622; Piling specs
England,CC/CP 602,Piling and Embedded Retaining Walls,Foundations & Retaining,Embedded walls,sheet piles,Embedded walls - sheet piles,"Piles: CFA, bored, driven; Reinforcement B500B; Concrete BS EN 206; Steel S355",CD 622; Piling specs
England,CC/CP 602,Piling and Embedded Retaining Walls,Foundations & Retaining,Embedded walls,secant,Embedded walls - secant,"Piles: CFA, bored, driven; Reinforcement B500B; Concrete BS EN 206; Steel S355",CD 622; Piling specs
England,CC/CP 602,Piling and Embedded Retaining Walls,Foundations & Retaining,Embedded walls,diaphragm,Embedded walls - diaphragm,"Piles: CFA, bored, driven; Reinforcement B500B; Concrete BS EN 206; Steel S355",CD 622; Piling specs
England,CC/CP 602,Piling and Embedded Retaining Walls,Foundations & Retaining,Pile caps & capping beams,in-situ,Pile caps & capping beams - in-situ,"Piles: CFA, bored, driven; Reinforcement B500B; Concrete BS EN 206; Steel S355",CD 622; Piling specs
England,CC/CP 602,Piling and Embedded Retaining Walls,Foundations & Retaining,Pile caps & capping beams,precast,Pile caps & capping beams - precast,"Piles: CFA, bored, driven; Reinforcement B500B; Concrete BS EN 206; Steel S355",CD 622; Piling specs
England,CC/CP 605,Corrugated Steel Buried Structures,Buried Structures,CSBS,arches,CSBS - arches,,
England,CC/CP 605,Corrugated Steel Buried Structures,Buried Structures,CSBS,multi-plates,CSBS - multi-plates,,
England,CC/CP 605,Corrugated Steel Buried Structures,Buried Structures,Backfill,granular,Backfill - granular,,
England,CC/CP 605,Corrugated Steel Buried Structures,Buried Structures,Backfill,flowable fill,Backfill - flowable fill,,
England,CC/CP 606,Reinforced Soil and Anchored Earth Structures,Geotechnical Structures,Reinforced soil walls,MSE panels,Reinforced soil walls - MSE panels,,
England,CC/CP 606,Reinforced Soil and Anchored Earth Structures,Geotechnical Structures,Reinforced soil walls,wrap-around,Reinforced soil walls - wrap-around,,
England,CC/CP 606,Reinforced Soil and Anchored Earth Structures,Geotechnical Structures,Anchored earth,tie-back anchors,Anchored earth - tie-back anchors,,
England,CC/CP 606,Reinforced Soil and Anchored Earth Structures,Geotechnical Structures,Anchored earth,facing panels,Anchored earth - facing panels,,
England,CC/CP 607,Reinforced Clay Brickwork Retaining Walls,Retaining Structures,Reinforced brickwork walls,pocket-type,Reinforced brickwork walls - pocket-type,,
England,CC/CP 607,Reinforced Clay Brickwork Retaining Walls,Retaining Structures,Reinforced brickwork walls,grouted-cavity,Reinforced brickwork walls - grouted-cavity,,
England,TC/TP 101,Traffic signalling systems,Traffic Signals,Signal heads,vehicular,Signal heads - vehicular,"Traffic signals: heads, controllers, detection; BS EN 12368; BS EN 50556",CD 236; TSRGD; BS EN 50556
England,TC/TP 101,Traffic signalling systems,Traffic Signals,Signal heads,pedestrian,Signal heads - pedestrian,"Traffic signals: heads, controllers, detection; BS EN 12368; BS EN 50556",CD 236; TSRGD; BS EN 50556
England,TC/TP 101,Traffic signalling systems,Traffic Signals,Signal heads,nearside,Signal heads - nearside,"Traffic signals: heads, controllers, detection; BS EN 12368; BS EN 50556",CD 236; TSRGD; BS EN 50556
England,TC/TP 101,Traffic signalling systems,Traffic Signals,Poles & supports,standard,Poles & supports - standard,"Traffic signals: heads, controllers, detection; BS EN 12368; BS EN 50556",CD 236; TSRGD; BS EN 50556
England,TC/TP 101,Traffic signalling systems,Traffic Signals,Poles & supports,mast arm,Poles & supports - mast arm,"Traffic signals: heads, controllers, detection; BS EN 12368; BS EN 50556",CD 236; TSRGD; BS EN 50556
England,TC/TP 101,Traffic signalling systems,Traffic Signals,Controllers,UTC,Controllers - UTC,"Traffic signals: heads, controllers, detection; BS EN 12368; BS EN 50556",CD 236; TSRGD; BS EN 50556
England,TC/TP 101,Traffic signalling systems,Traffic Signals,Controllers,MOVAs,Controllers - MOVAs,"Traffic signals: heads, controllers, detection; BS EN 12368; BS EN 50556",CD 236; TSRGD; BS EN 50556
England,TC/TP 101,Traffic signalling systems,Traffic Signals,Controllers,SCOOT interface,Controllers - SCOOT interface,"Traffic signals: heads, controllers, detection; BS EN 12368; BS EN 50556",CD 236; TSRGD; BS EN 50556
England,TC/TP 101,Traffic signalling systems,Traffic Signals,Detection,loops,Detection - loops,"Traffic signals: heads, controllers, detection; BS EN 12368; BS EN 50556",CD 236; TSRGD; BS EN 50556
England,TC/TP 101,Traffic signalling systems,Traffic Signals,Detection,microwave,Detection - microwave,"Traffic signals: heads, controllers, detection; BS EN 12368; BS EN 50556",CD 236; TSRGD; BS EN 50556
England,TC/TP 101,Traffic signalling systems,Traffic Signals,Detection,video,Detection - video,"Traffic signals: heads, controllers, detection; BS EN 12368; BS EN 50556",CD 236; TSRGD; BS EN 50556
England,TC/TP 101,Traffic signalling systems,Traffic Signals,Detection,magnetometer,Detection - magnetometer,"Traffic signals: heads, controllers, detection; BS EN 12368; BS EN 50556",CD 236; TSRGD; BS EN 50556
England,TC/TP 101,Traffic signalling systems,Traffic Signals,Crossings,Puffin,Crossings - Puffin,"Traffic signals: heads, controllers, detection; BS EN 12368; BS EN 50556",CD 236; TSRGD; BS EN 50556
England,TC/TP 101,Traffic signalling systems,Traffic Signals,Crossings,Toucan,Crossings - Toucan,"Traffic signals: heads, controllers, detection; BS EN 12368; BS EN 50556",CD 236; TSRGD; BS EN 50556
England,TC/TP 101,Traffic signalling systems,Traffic Signals,Crossings,Pegasus,Crossings - Pegasus,"Traffic signals: heads, controllers, detection; BS EN 12368; BS EN 50556",CD 236; TSRGD; BS EN 50556
England,TC/TP 131,Roadside technology and communications,ITS & Comms,VMS/VTS,full matrix,VMS/VTS - full matrix,"ITS: VMS, CCTV, sensors; BS EN 12966; NH Appendix 14/1",CD 143; NH Appendix 14/1
England,TC/TP 131,Roadside technology and communications,ITS & Comms,VMS/VTS,lane control,VMS/VTS - lane control,"ITS: VMS, CCTV, sensors; BS EN 12966; NH Appendix 14/1",CD 143; NH Appendix 14/1
England,TC/TP 131,Roadside technology and communications,ITS & Comms,VMS/VTS,speed limiters,VMS/VTS - speed limiters,"ITS: VMS, CCTV, sensors; BS EN 12966; NH Appendix 14/1",CD 143; NH Appendix 14/1
England,TC/TP 131,Roadside technology and communications,ITS & Comms,CCTV,fixed,CCTV - fixed,"ITS: VMS, CCTV, sensors; BS EN 12966; NH Appendix 14/1",CD 143; NH Appendix 14/1
England,TC/TP 131,Roadside technology and communications,ITS & Comms,CCTV,PTZ,CCTV - PTZ,"ITS: VMS, CCTV, sensors; BS EN 12966; NH Appendix 14/1",CD 143; NH Appendix 14/1
England,TC/TP 131,Roadside technology and communications,ITS & Comms,Sensors,ANPR,Sensors - ANPR,"ITS: VMS, CCTV, sensors; BS EN 12966; NH Appendix 14/1",CD 143; NH Appendix 14/1
England,TC/TP 131,Roadside technology and communications,ITS & Comms,Sensors,weather,Sensors - weather,"ITS: VMS, CCTV, sensors; BS EN 12966; NH Appendix 14/1",CD 143; NH Appendix 14/1
England,TC/TP 131,Roadside technology and communications,ITS & Comms,Sensors,traffic counters,Sensors - traffic counters,"ITS: VMS, CCTV, sensors; BS EN 12966; NH Appendix 14/1",CD 143; NH Appendix 14/1
England,TC/TP 131,Roadside technology and communications,ITS & Comms,Comms,fibre,Comms - fibre,"ITS: VMS, CCTV, sensors; BS EN 12966; NH Appendix 14/1",CD 143; NH Appendix 14/1
England,TC/TP 131,Roadside technology and communications,ITS & Comms,Comms,copper,Comms - copper,"ITS: VMS, CCTV, sensors; BS EN 12966; NH Appendix 14/1",CD 143; NH Appendix 14/1
England,TC/TP 131,Roadside technology and communications,ITS & Comms,Comms,wireless backhaul,Comms - wireless backhaul,"ITS: VMS, CCTV, sensors; BS EN 12966; NH Appendix 14/1",CD 143; NH Appendix 14/1
England,TC/TP 131,Roadside technology and communications,ITS & Comms,Cabinets & power,roadside cabinet,Cabinets & power - roadside cabinet,"ITS: VMS, CCTV, sensors; BS EN 12966; NH Appendix 14/1",CD 143; NH Appendix 14/1
England,TC/TP 131,Roadside technology and communications,ITS & Comms,Cabinets & power,UPS,Cabinets & power - UPS,"ITS: VMS, CCTV, sensors; BS EN 12966; NH Appendix 14/1",CD 143; NH Appendix 14/1
England,TC/TP 501,Electrical Work for Road Lighting and Traffic Signs,Electrical & Lighting,Columns,steel,Columns - steel,Lighting: columns BS EN 40; luminaires BS EN 60598; cabling BS 5467/BS 6724,CD 354; BS EN 13201
England,TC/TP 501,Electrical Work for Road Lighting and Traffic Signs,Electrical & Lighting,Columns,aluminium,Columns - aluminium,Lighting: columns BS EN 40; luminaires BS EN 60598; cabling BS 5467/BS 6724,CD 354; BS EN 13201
England,TC/TP 501,Electrical Work for Road Lighting and Traffic Signs,Electrical & Lighting,Columns,composite,Columns - composite,Lighting: columns BS EN 40; luminaires BS EN 60598; cabling BS 5467/BS 6724,CD 354; BS EN 13201
England,TC/TP 501,Electrical Work for Road Lighting and Traffic Signs,Electrical & Lighting,Luminaires,LED lantern,Luminaires - LED lantern,Lighting: columns BS EN 40; luminaires BS EN 60598; cabling BS 5467/BS 6724,CD 354; BS EN 13201
England,TC/TP 501,Electrical Work for Road Lighting and Traffic Signs,Electrical & Lighting,Luminaires,tunnel light,Luminaires - tunnel light,Lighting: columns BS EN 40; luminaires BS EN 60598; cabling BS 5467/BS 6724,CD 354; BS EN 13201
England,TC/TP 501,Electrical Work for Road Lighting and Traffic Signs,Electrical & Lighting,Luminaires,heritage,Luminaires - heritage,Lighting: columns BS EN 40; luminaires BS EN 60598; cabling BS 5467/BS 6724,CD 354; BS EN 13201
England,TC/TP 501,Electrical Work for Road Lighting and Traffic Signs,Electrical & Lighting,Power,switchgear,Power - switchgear,Lighting: columns BS EN 40; luminaires BS EN 60598; cabling BS 5467/BS 6724,CD 354; BS EN 13201
England,TC/TP 501,Electrical Work for Road Lighting and Traffic Signs,Electrical & Lighting,Power,distribution board,Power - distribution board,Lighting: columns BS EN 40; luminaires BS EN 60598; cabling BS 5467/BS 6724,CD 354; BS EN 13201
England,TC/TP 501,Electrical Work for Road Lighting and Traffic Signs,Electrical & Lighting,Power,feeder pillar,Power - feeder pillar,Lighting: columns BS EN 40; luminaires BS EN 60598; cabling BS 5467/BS 6724,CD 354; BS EN 13201
England,TC/TP 501,Electrical Work for Road Lighting and Traffic Signs,Electrical & Lighting,Cabling & ducts,LV cable,Cabling & ducts - LV cable,Lighting: columns BS EN 40; luminaires BS EN 60598; cabling BS 5467/BS 6724,CD 354; BS EN 13201
England,TC/TP 501,Electrical Work for Road Lighting and Traffic Signs,Electrical & Lighting,Cabling & ducts,ducting,Cabling & ducts - ducting,Lighting: columns BS EN 40; luminaires BS EN 60598; cabling BS 5467/BS 6724,CD 354; BS EN 13201
England,TC/TP 501,Electrical Work for Road Lighting and Traffic Signs,Electrical & Lighting,Cabling & ducts,drawpit,Cabling & ducts - drawpit,Lighting: columns BS EN 40; luminaires BS EN 60598; cabling BS 5467/BS 6724,CD 354; BS EN 13201
England,TC/TP 501,Electrical Work for Road Lighting and Traffic Signs,Electrical & Lighting,Earthing & protection,earthing,Earthing & protection - earthing,Lighting: columns BS EN 40; luminaires BS EN 60598; cabling BS 5467/BS 6724,CD 354; BS EN 13201
England,TC/TP 501,Electrical Work for Road Lighting and Traffic Signs,Electrical & Lighting,Earthing & protection,surge protection,Earthing & protection - surge protection,Lighting: columns BS EN 40; luminaires BS EN 60598; cabling BS 5467/BS 6724,CD 354; BS EN 13201
England,TC/TP 501,Electrical Work for Road Lighting and Traffic Signs,Electrical & Lighting,Earthing & protection,isolation,Earthing & protection - isolation,Lighting: columns BS EN 40; luminaires BS EN 60598; cabling BS 5467/BS 6724,CD 354; BS EN 13201
