Country,Doc Code,Doc Title,Top Group,Asset Element,Variant / Type,Asset Name
England,GC/GP 100,Introduction to the SHW,Governance,Quality & records,ITPs,Quality & records - ITPs
England,GC/GP 100,Introduction to the SHW,Governance,Quality & records,checklists,Quality & records - checklists
England,GC/GP 100,Introduction to the SHW,Governance,Quality & records,inspection records,Quality & records - inspection records
England,GC/GP 101,General Requirements for the SHW,Governance,Quality & records,ITPs,Quality & records - ITPs
England,GC/GP 101,General Requirements for the SHW,Governance,Quality & records,checklists,Quality & records - checklists
England,GC/GP 101,General Requirements for the SHW,Governance,Quality & records,inspection records,Quality & records - inspection records
England,GC/GP 102,Site and work constraints,Governance,Quality & records,ITPs,Quality & records - ITPs
England,GC/GP 102,Site and work constraints,Governance,Quality & records,checklists,Quality & records - checklists
England,GC/GP 102,Site and work constraints,Governance,Quality & records,inspection records,Quality & records - inspection records
England,GC/GP 103,"Environment, Sustainability and Carbon",Governance,Quality & records,ITPs,Quality & records - ITPs
England,GC/GP 103,"Environment, Sustainability and Carbon",Governance,Quality & records,checklists,Quality & records - checklists
England,GC/GP 103,"Environment, Sustainability and Carbon",Governance,Quality & records,inspection records,Quality & records - inspection records
England,GC/GP 104,"Works data, third party & comms",Governance,Quality & records,ITPs,Quality & records - ITPs
England,GC/GP 104,"Works data, third party & comms",Governance,Quality & records,checklists,Quality & records - checklists
England,GC/GP 104,"Works data, third party & comms",Governance,Quality & records,inspection records,Quality & records - inspection records
England,GC/GP 105,Arrangements for the Overseeing Organisation,Governance,Quality & records,ITPs,Quality & records - ITPs
England,GC/GP 105,Arrangements for the Overseeing Organisation,Governance,Quality & records,checklists,Quality & records - checklists
England,GC/GP 105,Arrangements for the Overseeing Organisation,Governance,Quality & records,inspection records,Quality & records - inspection records
England,GC/GP 106,Working on the highway,Governance,Quality & records,ITPs,Quality & records - ITPs
England,GC/GP 106,Working on the highway,Governance,Quality & records,checklists,Quality & records - checklists
England,GC/GP 106,Working on the highway,Governance,Quality & records,inspection records,Quality & records - inspection records
England,GC/GP 109,Site Preparation and Clearance,Preliminaries,Clearance,vegetation removal,Clearance - vegetation removal
England,GC/GP 109,Site Preparation and Clearance,Preliminaries,Clearance,stump removal,Clearance - stump removal
England,GC/GP 109,Site Preparation and Clearance,Preliminaries,Clearance,topsoil strip,Clearance - topsoil strip
England,GC/GP 109,Site Preparation and Clearance,Preliminaries,Demolition,small structures,Demolition - small structures
England,GC/GP 109,Site Preparation and Clearance,Preliminaries,Demolition,pavement breakout,Demolition - pavement breakout
England,LC/LP 120,Landscape and ecology,Landscaping & Ecology,Planting,trees,Planting - trees
England,LC/LP 120,Landscape and ecology,Landscaping & Ecology,Planting,shrubs,Planting - shrubs
England,LC/LP 120,Landscape and ecology,Landscaping & Ecology,Planting,wildflower seeding,Planting - wildflower seeding
England,LC/LP 120,Landscape and ecology,Landscaping & Ecology,Soil systems,topsoil,Soil systems - topsoil
England,LC/LP 120,Landscape and ecology,Landscaping & Ecology,Soil systems,subsoil,Soil systems - subsoil
England,LC/LP 120,Landscape and ecology,Landscaping & Ecology,Soil systems,soil ameliorants,Soil systems - soil ameliorants
England,LC/LP 120,Landscape and ecology,Landscaping & Ecology,Ecology features,badger tunnels,Ecology features - badger tunnels
England,LC/LP 120,Landscape and ecology,Landscaping & Ecology,Ecology features,bat boxes,Ecology features - bat boxes
England,LC/LP 120,Landscape and ecology,Landscaping & Ecology,Ecology features,reptile fencing,Ecology features - reptile fencing
England,LC/LP 120,Landscape and ecology,Landscaping & Ecology,Erosion control,geotextiles,Erosion control - geotextiles
England,LC/LP 120,Landscape and ecology,Landscaping & Ecology,Erosion control,mats,Erosion control - mats
England,LC/LP 127,Fencing,Fencing,Boundary fencing,post & wire,Boundary fencing - post & wire
England,LC/LP 127,Fencing,Fencing,Boundary fencing,chain link,Boundary fencing - chain link
England,LC/LP 127,Fencing,Fencing,Boundary fencing,paladin,Boundary fencing - paladin
England,LC/LP 127,Fencing,Fencing,Acoustic barriers,timber,Acoustic barriers - timber
England,LC/LP 127,Fencing,Fencing,Acoustic barriers,metal,Acoustic barriers - metal
England,LC/LP 127,Fencing,Fencing,Acoustic barriers,absorbent,Acoustic barriers - absorbent
England,LC/LP 127,Fencing,Fencing,Gates,pedestrian,Gates - pedestrian
England,LC/LP 127,Fencing,Fencing,Gates,vehicular,Gates - vehicular
England,LC/LP 127,Fencing,Fencing,Gates,maintenance,Gates - maintenance
England,CC/CP 120,Permanent traffic signs and road markings,Traffic Signs & Markings,Posts & foundations,post,Posts & foundations - post
England,CC/CP 120,Permanent traffic signs and road markings,Traffic Signs & Markings,Posts & foundations,mast arm,Posts & foundations - mast arm
England,CC/CP 120,Permanent traffic signs and road markings,Traffic Signs & Markings,Posts & foundations,cantilever,Posts & foundations - cantilever
England,CC/CP 120,Permanent traffic signs and road markings,Traffic Signs & Markings,Sign faces,class RA2,Sign faces - class RA2
England,CC/CP 120,Permanent traffic signs and road markings,Traffic Signs & Markings,Sign faces,microprismatic,Sign faces - microprismatic
England,CC/CP 120,Permanent traffic signs and road markings,Traffic Signs & Markings,Sign faces,illumination,Sign faces - illumination
England,CC/CP 120,Permanent traffic signs and road markings,Traffic Signs & Markings,Markings,thermoplastic,Markings - thermoplastic
England,CC/CP 120,Permanent traffic signs and road markings,Traffic Signs & Markings,Markings,paint,Markings - paint
England,CC/CP 120,Permanent traffic signs and road markings,Traffic Signs & Markings,Markings,raised rib,Markings - raised rib
England,CC/CP 120,Permanent traffic signs and road markings,Traffic Signs & Markings,Markings,studs,Markings - studs
England,CC/CP 120,Permanent traffic signs and road markings,Traffic Signs & Markings,Temporary signs,TSRGD compliant,Temporary signs - TSRGD compliant
England,CC/CP 120,Permanent traffic signs and road markings,Traffic Signs & Markings,Temporary signs,works information,Temporary signs - works information
England,CC/CP 120,Permanent traffic signs and road markings,Traffic Signs & Markings,Temporary signs,diversion,Temporary signs - diversion
England,CC/CP 130,Temporary traffic signs and road markings,Temporary Traffic Management,Governance requirement,spec/procedure,Governance requirement - spec/procedure
England,CC/CP 201,Pavement foundation construction,Pavements,Foundations,capping,Foundations - capping
England,CC/CP 201,Pavement foundation construction,Pavements,Foundations,Type 1 sub-base,Foundations - Type 1 sub-base
England,CC/CP 201,Pavement foundation construction,Pavements,Foundations,CBGM,Foundations - CBGM
England,CC/CP 201,Pavement foundation construction,Pavements,Foundations,HMB/HBM,Foundations - HMB/HBM
England,CC/CP 201,Pavement foundation construction,Pavements,Flexible layers,base AC 32,Flexible layers - base AC 32
England,CC/CP 201,Pavement foundation construction,Pavements,Flexible layers,binder AC 20,Flexible layers - binder AC 20
England,CC/CP 201,Pavement foundation construction,Pavements,Flexible layers,surface SMA 10,Flexible layers - surface SMA 10
England,CC/CP 201,Pavement foundation construction,Pavements,Flexible layers,HRA,Flexible layers - HRA
England,CC/CP 201,Pavement foundation construction,Pavements,Flexible layers,PA,Flexible layers - PA
England,CC/CP 201,Pavement foundation construction,Pavements,Rigid layers,PQC jointed,Rigid layers - PQC jointed
England,CC/CP 201,Pavement foundation construction,Pavements,Rigid layers,CRCP,Rigid layers - CRCP
England,CC/CP 201,Pavement foundation construction,Pavements,Rigid layers,lean mix base,Rigid layers - lean mix base
England,CC/CP 201,Pavement foundation construction,Pavements,Joints & seals,saw-cut & seal,Joints & seals - saw-cut & seal
England,CC/CP 201,Pavement foundation construction,Pavements,Joints & seals,overbanding,Joints & seals - overbanding
England,CC/CP 201,Pavement foundation construction,Pavements,Joints & seals,longitudinal tie,Joints & seals - longitudinal tie
England,CC/CP 201,Pavement foundation construction,Pavements,Joints & seals,transverse contraction,Joints & seals - transverse contraction
England,CC/CP 201,Pavement foundation construction,Pavements,Rehabilitation,plane & inlay,Rehabilitation - plane & inlay
England,CC/CP 201,Pavement foundation construction,Pavements,Rehabilitation,patch repair,Rehabilitation - patch repair
England,CC/CP 201,Pavement foundation construction,Pavements,Rehabilitation,crack & seat,Rehabilitation - crack & seat
England,CC/CP 201,Pavement foundation construction,Pavements,Rehabilitation,slab stabilization,Rehabilitation - slab stabilization
England,CC/CP 201,Pavement foundation construction,Pavements,Surface treatments,micro-surfacing,Surface treatments - micro-surfacing
England,CC/CP 201,Pavement foundation construction,Pavements,Surface treatments,slurry seal,Surface treatments - slurry seal
England,CC/CP 201,Pavement foundation construction,Pavements,Surface treatments,surface dressing,Surface treatments - surface dressing
England,CC/CP 201,Pavement foundation construction,Pavements,Surface treatments,HFS,Surface treatments - HFS
England,CC/CP 201,Pavement foundation construction,Pavements,Ancillaries,road studs,Ancillaries - road studs
England,CC/CP 201,Pavement foundation construction,Pavements,Ancillaries,thermocouples,Ancillaries - thermocouples
England,CC/CP 201,Pavement foundation construction,Pavements,Ancillaries,embedded sensors,Ancillaries - embedded sensors
England,CC/CP 202,Flexible pavement construction,Pavements,Foundations,capping,Foundations - capping
England,CC/CP 202,Flexible pavement construction,Pavements,Foundations,Type 1 sub-base,Foundations - Type 1 sub-base
England,CC/CP 202,Flexible pavement construction,Pavements,Foundations,CBGM,Foundations - CBGM
England,CC/CP 202,Flexible pavement construction,Pavements,Foundations,HMB/HBM,Foundations - HMB/HBM
England,CC/CP 202,Flexible pavement construction,Pavements,Flexible layers,base AC 32,Flexible layers - base AC 32
England,CC/CP 202,Flexible pavement construction,Pavements,Flexible layers,binder AC 20,Flexible layers - binder AC 20
England,CC/CP 202,Flexible pavement construction,Pavements,Flexible layers,surface SMA 10,Flexible layers - surface SMA 10
England,CC/CP 202,Flexible pavement construction,Pavements,Flexible layers,HRA,Flexible layers - HRA
England,CC/CP 202,Flexible pavement construction,Pavements,Flexible layers,PA,Flexible layers - PA
England,CC/CP 202,Flexible pavement construction,Pavements,Rigid layers,PQC jointed,Rigid layers - PQC jointed
England,CC/CP 202,Flexible pavement construction,Pavements,Rigid layers,CRCP,Rigid layers - CRCP
England,CC/CP 202,Flexible pavement construction,Pavements,Rigid layers,lean mix base,Rigid layers - lean mix base
England,CC/CP 202,Flexible pavement construction,Pavements,Joints & seals,saw-cut & seal,Joints & seals - saw-cut & seal
England,CC/CP 202,Flexible pavement construction,Pavements,Joints & seals,overbanding,Joints & seals - overbanding
England,CC/CP 202,Flexible pavement construction,Pavements,Joints & seals,longitudinal tie,Joints & seals - longitudinal tie
England,CC/CP 202,Flexible pavement construction,Pavements,Joints & seals,transverse contraction,Joints & seals - transverse contraction
England,CC/CP 202,Flexible pavement construction,Pavements,Rehabilitation,plane & inlay,Rehabilitation - plane & inlay
England,CC/CP 202,Flexible pavement construction,Pavements,Rehabilitation,patch repair,Rehabilitation - patch repair
England,CC/CP 202,Flexible pavement construction,Pavements,Rehabilitation,crack & seat,Rehabilitation - crack & seat
England,CC/CP 202,Flexible pavement construction,Pavements,Rehabilitation,slab stabilization,Rehabilitation - slab stabilization
England,CC/CP 202,Flexible pavement construction,Pavements,Surface treatments,micro-surfacing,Surface treatments - micro-surfacing
England,CC/CP 202,Flexible pavement construction,Pavements,Surface treatments,slurry seal,Surface treatments - slurry seal
England,CC/CP 202,Flexible pavement construction,Pavements,Surface treatments,surface dressing,Surface treatments - surface dressing
England,CC/CP 202,Flexible pavement construction,Pavements,Surface treatments,HFS,Surface treatments - HFS
England,CC/CP 202,Flexible pavement construction,Pavements,Ancillaries,road studs,Ancillaries - road studs
England,CC/CP 202,Flexible pavement construction,Pavements,Ancillaries,thermocouples,Ancillaries - thermocouples
England,CC/CP 202,Flexible pavement construction,Pavements,Ancillaries,embedded sensors,Ancillaries - embedded sensors
England,CC/CP 203,Rigid pavement construction,Pavements,Foundations,capping,Foundations - capping
England,CC/CP 203,Rigid pavement construction,Pavements,Foundations,Type 1 sub-base,Foundations - Type 1 sub-base
England,CC/CP 203,Rigid pavement construction,Pavements,Foundations,CBGM,Foundations - CBGM
England,CC/CP 203,Rigid pavement construction,Pavements,Foundations,HMB/HBM,Foundations - HMB/HBM
England,CC/CP 203,Rigid pavement construction,Pavements,Flexible layers,base AC 32,Flexible layers - base AC 32
England,CC/CP 203,Rigid pavement construction,Pavements,Flexible layers,binder AC 20,Flexible layers - binder AC 20
England,CC/CP 203,Rigid pavement construction,Pavements,Flexible layers,surface SMA 10,Flexible layers - surface SMA 10
England,CC/CP 203,Rigid pavement construction,Pavements,Flexible layers,HRA,Flexible layers - HRA
England,CC/CP 203,Rigid pavement construction,Pavements,Flexible layers,PA,Flexible layers - PA
England,CC/CP 203,Rigid pavement construction,Pavements,Rigid layers,PQC jointed,Rigid layers - PQC jointed
England,CC/CP 203,Rigid pavement construction,Pavements,Rigid layers,CRCP,Rigid layers - CRCP
England,CC/CP 203,Rigid pavement construction,Pavements,Rigid layers,lean mix base,Rigid layers - lean mix base
England,CC/CP 203,Rigid pavement construction,Pavements,Joints & seals,saw-cut & seal,Joints & seals - saw-cut & seal
England,CC/CP 203,Rigid pavement construction,Pavements,Joints & seals,overbanding,Joints & seals - overbanding
England,CC/CP 203,Rigid pavement construction,Pavements,Joints & seals,longitudinal tie,Joints & seals - longitudinal tie
England,CC/CP 203,Rigid pavement construction,Pavements,Joints & seals,transverse contraction,Joints & seals - transverse contraction
England,CC/CP 203,Rigid pavement construction,Pavements,Rehabilitation,plane & inlay,Rehabilitation - plane & inlay
England,CC/CP 203,Rigid pavement construction,Pavements,Rehabilitation,patch repair,Rehabilitation - patch repair
England,CC/CP 203,Rigid pavement construction,Pavements,Rehabilitation,crack & seat,Rehabilitation - crack & seat
England,CC/CP 203,Rigid pavement construction,Pavements,Rehabilitation,slab stabilization,Rehabilitation - slab stabilization
England,CC/CP 203,Rigid pavement construction,Pavements,Surface treatments,micro-surfacing,Surface treatments - micro-surfacing
England,CC/CP 203,Rigid pavement construction,Pavements,Surface treatments,slurry seal,Surface treatments - slurry seal
England,CC/CP 203,Rigid pavement construction,Pavements,Surface treatments,surface dressing,Surface treatments - surface dressing
England,CC/CP 203,Rigid pavement construction,Pavements,Surface treatments,HFS,Surface treatments - HFS
England,CC/CP 203,Rigid pavement construction,Pavements,Ancillaries,road studs,Ancillaries - road studs
England,CC/CP 203,Rigid pavement construction,Pavements,Ancillaries,thermocouples,Ancillaries - thermocouples
England,CC/CP 203,Rigid pavement construction,Pavements,Ancillaries,embedded sensors,Ancillaries - embedded sensors
England,CC/CP 204,Pavement surface treatments,Pavements,Foundations,capping,Foundations - capping
England,CC/CP 204,Pavement surface treatments,Pavements,Foundations,Type 1 sub-base,Foundations - Type 1 sub-base
England,CC/CP 204,Pavement surface treatments,Pavements,Foundations,CBGM,Foundations - CBGM
England,CC/CP 204,Pavement surface treatments,Pavements,Foundations,HMB/HBM,Foundations - HMB/HBM
England,CC/CP 204,Pavement surface treatments,Pavements,Flexible layers,base AC 32,Flexible layers - base AC 32
England,CC/CP 204,Pavement surface treatments,Pavements,Flexible layers,binder AC 20,Flexible layers - binder AC 20
England,CC/CP 204,Pavement surface treatments,Pavements,Flexible layers,surface SMA 10,Flexible layers - surface SMA 10
England,CC/CP 204,Pavement surface treatments,Pavements,Flexible layers,HRA,Flexible layers - HRA
England,CC/CP 204,Pavement surface treatments,Pavements,Flexible layers,PA,Flexible layers - PA
England,CC/CP 204,Pavement surface treatments,Pavements,Rigid layers,PQC jointed,Rigid layers - PQC jointed
England,CC/CP 204,Pavement surface treatments,Pavements,Rigid layers,CRCP,Rigid layers - CRCP
England,CC/CP 204,Pavement surface treatments,Pavements,Rigid layers,lean mix base,Rigid layers - lean mix base
England,CC/CP 204,Pavement surface treatments,Pavements,Joints & seals,saw-cut & seal,Joints & seals - saw-cut & seal
England,CC/CP 204,Pavement surface treatments,Pavements,Joints & seals,overbanding,Joints & seals - overbanding
England,CC/CP 204,Pavement surface treatments,Pavements,Joints & seals,longitudinal tie,Joints & seals - longitudinal tie
England,CC/CP 204,Pavement surface treatments,Pavements,Joints & seals,transverse contraction,Joints & seals - transverse contraction
England,CC/CP 204,Pavement surface treatments,Pavements,Rehabilitation,plane & inlay,Rehabilitation - plane & inlay
England,CC/CP 204,Pavement surface treatments,Pavements,Rehabilitation,patch repair,Rehabilitation - patch repair
England,CC/CP 204,Pavement surface treatments,Pavements,Rehabilitation,crack & seat,Rehabilitation - crack & seat
England,CC/CP 204,Pavement surface treatments,Pavements,Rehabilitation,slab stabilization,Rehabilitation - slab stabilization
England,CC/CP 204,Pavement surface treatments,Pavements,Surface treatments,micro-surfacing,Surface treatments - micro-surfacing
England,CC/CP 204,Pavement surface treatments,Pavements,Surface treatments,slurry seal,Surface treatments - slurry seal
England,CC/CP 204,Pavement surface treatments,Pavements,Surface treatments,surface dressing,Surface treatments - surface dressing
England,CC/CP 204,Pavement surface treatments,Pavements,Surface treatments,HFS,Surface treatments - HFS
England,CC/CP 204,Pavement surface treatments,Pavements,Ancillaries,road studs,Ancillaries - road studs
England,CC/CP 204,Pavement surface treatments,Pavements,Ancillaries,thermocouples,Ancillaries - thermocouples
England,CC/CP 204,Pavement surface treatments,Pavements,Ancillaries,embedded sensors,Ancillaries - embedded sensors
England,CC/CP 205,Maintenance of asphalt-surfaced pavements,Pavement Maintenance,Governance requirement,spec/procedure,Governance requirement - spec/procedure
England,CC/CP 206,Maintenance of concrete pavement layers,Pavement Maintenance,Governance requirement,spec/procedure,Governance requirement - spec/procedure
England,CC/CP 207,"Footway, cycle track, paved area, kerb & steps",Footways & Kerbs,Kerbs,HB2,Kerbs - HB2
England,CC/CP 207,"Footway, cycle track, paved area, kerb & steps",Footways & Kerbs,Kerbs,SP,Kerbs - SP
England,CC/CP 207,"Footway, cycle track, paved area, kerb & steps",Footways & Kerbs,Kerbs,transition,Kerbs - transition
England,CC/CP 207,"Footway, cycle track, paved area, kerb & steps",Footways & Kerbs,Kerbs,dropped kerb,Kerbs - dropped kerb
England,CC/CP 207,"Footway, cycle track, paved area, kerb & steps",Footways & Kerbs,Kerbs,channel,Kerbs - channel
England,CC/CP 207,"Footway, cycle track, paved area, kerb & steps",Footways & Kerbs,Edgings,precast concrete,Edgings - precast concrete
England,CC/CP 207,"Footway, cycle track, paved area, kerb & steps",Footways & Kerbs,Edgings,natural stone,Edgings - natural stone
England,CC/CP 207,"Footway, cycle track, paved area, kerb & steps",Footways & Kerbs,Edgings,recycled composite,Edgings - recycled composite
England,CC/CP 207,"Footway, cycle track, paved area, kerb & steps",Footways & Kerbs,Paving,concrete flags,Paving - concrete flags
England,CC/CP 207,"Footway, cycle track, paved area, kerb & steps",Footways & Kerbs,Paving,natural stone flags,Paving - natural stone flags
England,CC/CP 207,"Footway, cycle track, paved area, kerb & steps",Footways & Kerbs,Paving,block paving,Paving - block paving
England,CC/CP 207,"Footway, cycle track, paved area, kerb & steps",Footways & Kerbs,Paving,asphalt footway,Paving - asphalt footway
England,CC/CP 207,"Footway, cycle track, paved area, kerb & steps",Footways & Kerbs,Tactile paving,blister,Tactile paving - blister
England,CC/CP 207,"Footway, cycle track, paved area, kerb & steps",Footways & Kerbs,Tactile paving,corduroy,Tactile paving - corduroy
England,CC/CP 207,"Footway, cycle track, paved area, kerb & steps",Footways & Kerbs,Tactile paving,lozenge,Tactile paving - lozenge
England,CC/CP 400,Permanent Road Restraint Systems,Road Restraint Systems,VRS,steel barrier,VRS - steel barrier
England,CC/CP 400,Permanent Road Restraint Systems,Road Restraint Systems,VRS,concrete barrier,VRS - concrete barrier
England,CC/CP 400,Permanent Road Restraint Systems,Road Restraint Systems,VRS,wire rope,VRS - wire rope
England,CC/CP 400,Permanent Road Restraint Systems,Road Restraint Systems,VRS,end terminals,VRS - end terminals
England,CC/CP 400,Permanent Road Restraint Systems,Road Restraint Systems,Parapets,steel,Parapets - steel
England,CC/CP 400,Permanent Road Restraint Systems,Road Restraint Systems,Parapets,aluminium,Parapets - aluminium
England,CC/CP 400,Permanent Road Restraint Systems,Road Restraint Systems,Parapets,stainless,Parapets - stainless
England,CC/CP 400,Permanent Road Restraint Systems,Road Restraint Systems,Parapets,composite,Parapets - composite
England,CC/CP 400,Permanent Road Restraint Systems,Road Restraint Systems,Crash cushions,gating,Crash cushions - gating
England,CC/CP 400,Permanent Road Restraint Systems,Road Restraint Systems,Crash cushions,non-gating,Crash cushions - non-gating
England,CC/CP 400,Permanent Road Restraint Systems,Road Restraint Systems,Legacy VRS,N2 profiles,Legacy VRS - N2 profiles
England,CC/CP 400,Permanent Road Restraint Systems,Road Restraint Systems,Legacy VRS,legacy posts,Legacy VRS - legacy posts
England,CC/CP 400,Permanent Road Restraint Systems,Road Restraint Systems,Temporary VRS,steel barrier,Temporary VRS - steel barrier
England,CC/CP 400,Permanent Road Restraint Systems,Road Restraint Systems,Temporary VRS,water filled,Temporary VRS - water filled
England,CC/CP 401,Permanent Legacy Road Restraint Systems,Road Restraint Systems,VRS,steel barrier,VRS - steel barrier
England,CC/CP 401,Permanent Legacy Road Restraint Systems,Road Restraint Systems,VRS,concrete barrier,VRS - concrete barrier
England,CC/CP 401,Permanent Legacy Road Restraint Systems,Road Restraint Systems,VRS,wire rope,VRS - wire rope
England,CC/CP 401,Permanent Legacy Road Restraint Systems,Road Restraint Systems,VRS,end terminals,VRS - end terminals
England,CC/CP 401,Permanent Legacy Road Restraint Systems,Road Restraint Systems,Parapets,steel,Parapets - steel
England,CC/CP 401,Permanent Legacy Road Restraint Systems,Road Restraint Systems,Parapets,aluminium,Parapets - aluminium
England,CC/CP 401,Permanent Legacy Road Restraint Systems,Road Restraint Systems,Parapets,stainless,Parapets - stainless
England,CC/CP 401,Permanent Legacy Road Restraint Systems,Road Restraint Systems,Parapets,composite,Parapets - composite
England,CC/CP 401,Permanent Legacy Road Restraint Systems,Road Restraint Systems,Crash cushions,gating,Crash cushions - gating
England,CC/CP 401,Permanent Legacy Road Restraint Systems,Road Restraint Systems,Crash cushions,non-gating,Crash cushions - non-gating
England,CC/CP 401,Permanent Legacy Road Restraint Systems,Road Restraint Systems,Legacy VRS,N2 profiles,Legacy VRS - N2 profiles
England,CC/CP 401,Permanent Legacy Road Restraint Systems,Road Restraint Systems,Legacy VRS,legacy posts,Legacy VRS - legacy posts
England,CC/CP 401,Permanent Legacy Road Restraint Systems,Road Restraint Systems,Temporary VRS,steel barrier,Temporary VRS - steel barrier
England,CC/CP 401,Permanent Legacy Road Restraint Systems,Road Restraint Systems,Temporary VRS,water filled,Temporary VRS - water filled
England,CC/CP 402,Temporary vehicle restraint systems,Temporary Safety Systems,Governance requirement,spec/procedure,Governance requirement - spec/procedure
England,CC/CP 481,Minor Structures,Structures,Concrete works,in-situ deck,Concrete works - in-situ deck
England,CC/CP 481,Minor Structures,Structures,Concrete works,precast beams,Concrete works - precast beams
England,CC/CP 481,Minor Structures,Structures,Concrete works,abutments,Concrete works - abutments
England,CC/CP 481,Minor Structures,Structures,Concrete works,piers,Concrete works - piers
England,CC/CP 481,Minor Structures,Structures,Concrete works,foundations,Concrete works - foundations
England,CC/CP 481,Minor Structures,Structures,Steelwork,main girders,Steelwork - main girders
England,CC/CP 481,Minor Structures,Structures,Steelwork,cross girders,Steelwork - cross girders
England,CC/CP 481,Minor Structures,Structures,Steelwork,bracing,Steelwork - bracing
England,CC/CP 481,Minor Structures,Structures,Steelwork,diaphragms,Steelwork - diaphragms
England,CC/CP 481,Minor Structures,Structures,Waterproofing,SPS membranes,Waterproofing - SPS membranes
England,CC/CP 481,Minor Structures,Structures,Waterproofing,sheet,Waterproofing - sheet
England,CC/CP 481,Minor Structures,Structures,Waterproofing,spray applied,Waterproofing - spray applied
England,CC/CP 481,Minor Structures,Structures,Coatings,surface prep,Coatings - surface prep
England,CC/CP 481,Minor Structures,Structures,Coatings,zinc primer,Coatings - zinc primer
England,CC/CP 481,Minor Structures,Structures,Coatings,epoxy build,Coatings - epoxy build
England,CC/CP 481,Minor Structures,Structures,Coatings,polyurethane finish,Coatings - polyurethane finish
England,CC/CP 481,Minor Structures,Structures,Bearings,pot,Bearings - pot
England,CC/CP 481,Minor Structures,Structures,Bearings,elastomeric,Bearings - elastomeric
England,CC/CP 481,Minor Structures,Structures,Bearings,spherical,Bearings - spherical
England,CC/CP 481,Minor Structures,Structures,Bearings,sliding,Bearings - sliding
England,CC/CP 481,Minor Structures,Structures,Expansion joints,modular,Expansion joints - modular
England,CC/CP 481,Minor Structures,Structures,Expansion joints,elastomeric,Expansion joints - elastomeric
England,CC/CP 481,Minor Structures,Structures,Expansion joints,asphaltic plug,Expansion joints - asphaltic plug
England,CC/CP 481,Minor Structures,Structures,Masonry,brick,Masonry - brick
England,CC/CP 481,Minor Structures,Structures,Masonry,block,Masonry - block
England,CC/CP 481,Minor Structures,Structures,Masonry,stone,Masonry - stone
England,CC/CP 481,Minor Structures,Structures,Masonry,cladding,Masonry - cladding
England,CC/CP 481,Minor Structures,Structures,Minor structures,gantry foundations,Minor structures - gantry foundations
England,CC/CP 481,Minor Structures,Structures,Minor structures,CCTV mast bases,Minor structures - CCTV mast bases
England,CC/CP 481,Minor Structures,Structures,Minor structures,sign supports,Minor structures - sign supports
England,CC/CP 482,Structural concrete,Structures,Concrete works,in-situ deck,Concrete works - in-situ deck
England,CC/CP 482,Structural concrete,Structures,Concrete works,precast beams,Concrete works - precast beams
England,CC/CP 482,Structural concrete,Structures,Concrete works,abutments,Concrete works - abutments
England,CC/CP 482,Structural concrete,Structures,Concrete works,piers,Concrete works - piers
England,CC/CP 482,Structural concrete,Structures,Concrete works,foundations,Concrete works - foundations
England,CC/CP 482,Structural concrete,Structures,Steelwork,main girders,Steelwork - main girders
England,CC/CP 482,Structural concrete,Structures,Steelwork,cross girders,Steelwork - cross girders
England,CC/CP 482,Structural concrete,Structures,Steelwork,bracing,Steelwork - bracing
England,CC/CP 482,Structural concrete,Structures,Steelwork,diaphragms,Steelwork - diaphragms
England,CC/CP 482,Structural concrete,Structures,Waterproofing,SPS membranes,Waterproofing - SPS membranes
England,CC/CP 482,Structural concrete,Structures,Waterproofing,sheet,Waterproofing - sheet
England,CC/CP 482,Structural concrete,Structures,Waterproofing,spray applied,Waterproofing - spray applied
England,CC/CP 482,Structural concrete,Structures,Coatings,surface prep,Coatings - surface prep
England,CC/CP 482,Structural concrete,Structures,Coatings,zinc primer,Coatings - zinc primer
England,CC/CP 482,Structural concrete,Structures,Coatings,epoxy build,Coatings - epoxy build
England,CC/CP 482,Structural concrete,Structures,Coatings,polyurethane finish,Coatings - polyurethane finish
England,CC/CP 482,Structural concrete,Structures,Bearings,pot,Bearings - pot
England,CC/CP 482,Structural concrete,Structures,Bearings,elastomeric,Bearings - elastomeric
England,CC/CP 482,Structural concrete,Structures,Bearings,spherical,Bearings - spherical
England,CC/CP 482,Structural concrete,Structures,Bearings,sliding,Bearings - sliding
England,CC/CP 482,Structural concrete,Structures,Expansion joints,modular,Expansion joints - modular
England,CC/CP 482,Structural concrete,Structures,Expansion joints,elastomeric,Expansion joints - elastomeric
England,CC/CP 482,Structural concrete,Structures,Expansion joints,asphaltic plug,Expansion joints - asphaltic plug
England,CC/CP 482,Structural concrete,Structures,Masonry,brick,Masonry - brick
England,CC/CP 482,Structural concrete,Structures,Masonry,block,Masonry - block
England,CC/CP 482,Structural concrete,Structures,Masonry,stone,Masonry - stone
England,CC/CP 482,Structural concrete,Structures,Masonry,cladding,Masonry - cladding
England,CC/CP 482,Structural concrete,Structures,Minor structures,gantry foundations,Minor structures - gantry foundations
England,CC/CP 482,Structural concrete,Structures,Minor structures,CCTV mast bases,Minor structures - CCTV mast bases
England,CC/CP 482,Structural concrete,Structures,Minor structures,sign supports,Minor structures - sign supports
England,CC/CP 483,Structural steelwork,Structures,Concrete works,in-situ deck,Concrete works - in-situ deck
England,CC/CP 483,Structural steelwork,Structures,Concrete works,precast beams,Concrete works - precast beams
England,CC/CP 483,Structural steelwork,Structures,Concrete works,abutments,Concrete works - abutments
England,CC/CP 483,Structural steelwork,Structures,Concrete works,piers,Concrete works - piers
England,CC/CP 483,Structural steelwork,Structures,Concrete works,foundations,Concrete works - foundations
England,CC/CP 483,Structural steelwork,Structures,Steelwork,main girders,Steelwork - main girders
England,CC/CP 483,Structural steelwork,Structures,Steelwork,cross girders,Steelwork - cross girders
England,CC/CP 483,Structural steelwork,Structures,Steelwork,bracing,Steelwork - bracing
England,CC/CP 483,Structural steelwork,Structures,Steelwork,diaphragms,Steelwork - diaphragms
England,CC/CP 483,Structural steelwork,Structures,Waterproofing,SPS membranes,Waterproofing - SPS membranes
England,CC/CP 483,Structural steelwork,Structures,Waterproofing,sheet,Waterproofing - sheet
England,CC/CP 483,Structural steelwork,Structures,Waterproofing,spray applied,Waterproofing - spray applied
England,CC/CP 483,Structural steelwork,Structures,Coatings,surface prep,Coatings - surface prep
England,CC/CP 483,Structural steelwork,Structures,Coatings,zinc primer,Coatings - zinc primer
England,CC/CP 483,Structural steelwork,Structures,Coatings,epoxy build,Coatings - epoxy build
England,CC/CP 483,Structural steelwork,Structures,Coatings,polyurethane finish,Coatings - polyurethane finish
England,CC/CP 483,Structural steelwork,Structures,Bearings,pot,Bearings - pot
England,CC/CP 483,Structural steelwork,Structures,Bearings,elastomeric,Bearings - elastomeric
England,CC/CP 483,Structural steelwork,Structures,Bearings,spherical,Bearings - spherical
England,CC/CP 483,Structural steelwork,Structures,Bearings,sliding,Bearings - sliding
England,CC/CP 483,Structural steelwork,Structures,Expansion joints,modular,Expansion joints - modular
England,CC/CP 483,Structural steelwork,Structures,Expansion joints,elastomeric,Expansion joints - elastomeric
England,CC/CP 483,Structural steelwork,Structures,Expansion joints,asphaltic plug,Expansion joints - asphaltic plug
England,CC/CP 483,Structural steelwork,Structures,Masonry,brick,Masonry - brick
England,CC/CP 483,Structural steelwork,Structures,Masonry,block,Masonry - block
England,CC/CP 483,Structural steelwork,Structures,Masonry,stone,Masonry - stone
England,CC/CP 483,Structural steelwork,Structures,Masonry,cladding,Masonry - cladding
England,CC/CP 483,Structural steelwork,Structures,Minor structures,gantry foundations,Minor structures - gantry foundations
England,CC/CP 483,Structural steelwork,Structures,Minor structures,CCTV mast bases,Minor structures - CCTV mast bases
England,CC/CP 483,Structural steelwork,Structures,Minor structures,sign supports,Minor structures - sign supports
England,CC/CP 484,Concrete repairs,Structures Maintenance,Governance requirement,spec/procedure,Governance requirement - spec/procedure
England,CC/CP 486,Protection of steelwork against corrosion,Protective Coatings,Governance requirement,spec/procedure,Governance requirement - spec/procedure
England,CC/CP 488,Waterproofing for concrete structures,Structures,Concrete works,in-situ deck,Concrete works - in-situ deck
England,CC/CP 488,Waterproofing for concrete structures,Structures,Concrete works,precast beams,Concrete works - precast beams
England,CC/CP 488,Waterproofing for concrete structures,Structures,Concrete works,abutments,Concrete works - abutments
England,CC/CP 488,Waterproofing for concrete structures,Structures,Concrete works,piers,Concrete works - piers
England,CC/CP 488,Waterproofing for concrete structures,Structures,Concrete works,foundations,Concrete works - foundations
England,CC/CP 488,Waterproofing for concrete structures,Structures,Steelwork,main girders,Steelwork - main girders
England,CC/CP 488,Waterproofing for concrete structures,Structures,Steelwork,cross girders,Steelwork - cross girders
England,CC/CP 488,Waterproofing for concrete structures,Structures,Steelwork,bracing,Steelwork - bracing
England,CC/CP 488,Waterproofing for concrete structures,Structures,Steelwork,diaphragms,Steelwork - diaphragms
England,CC/CP 488,Waterproofing for concrete structures,Structures,Waterproofing,SPS membranes,Waterproofing - SPS membranes
England,CC/CP 488,Waterproofing for concrete structures,Structures,Waterproofing,sheet,Waterproofing - sheet
England,CC/CP 488,Waterproofing for concrete structures,Structures,Waterproofing,spray applied,Waterproofing - spray applied
England,CC/CP 488,Waterproofing for concrete structures,Structures,Coatings,surface prep,Coatings - surface prep
England,CC/CP 488,Waterproofing for concrete structures,Structures,Coatings,zinc primer,Coatings - zinc primer
England,CC/CP 488,Waterproofing for concrete structures,Structures,Coatings,epoxy build,Coatings - epoxy build
England,CC/CP 488,Waterproofing for concrete structures,Structures,Coatings,polyurethane finish,Coatings - polyurethane finish
England,CC/CP 488,Waterproofing for concrete structures,Structures,Bearings,pot,Bearings - pot
England,CC/CP 488,Waterproofing for concrete structures,Structures,Bearings,elastomeric,Bearings - elastomeric
England,CC/CP 488,Waterproofing for concrete structures,Structures,Bearings,spherical,Bearings - spherical
England,CC/CP 488,Waterproofing for concrete structures,Structures,Bearings,sliding,Bearings - sliding
England,CC/CP 488,Waterproofing for concrete structures,Structures,Expansion joints,modular,Expansion joints - modular
England,CC/CP 488,Waterproofing for concrete structures,Structures,Expansion joints,elastomeric,Expansion joints - elastomeric
England,CC/CP 488,Waterproofing for concrete structures,Structures,Expansion joints,asphaltic plug,Expansion joints - asphaltic plug
England,CC/CP 488,Waterproofing for concrete structures,Structures,Masonry,brick,Masonry - brick
England,CC/CP 488,Waterproofing for concrete structures,Structures,Masonry,block,Masonry - block
England,CC/CP 488,Waterproofing for concrete structures,Structures,Masonry,stone,Masonry - stone
England,CC/CP 488,Waterproofing for concrete structures,Structures,Masonry,cladding,Masonry - cladding
England,CC/CP 488,Waterproofing for concrete structures,Structures,Minor structures,gantry foundations,Minor structures - gantry foundations
England,CC/CP 488,Waterproofing for concrete structures,Structures,Minor structures,CCTV mast bases,Minor structures - CCTV mast bases
England,CC/CP 488,Waterproofing for concrete structures,Structures,Minor structures,sign supports,Minor structures - sign supports
England,CC/CP 489,Bridge bearings,Bridge Components,Governance requirement,spec/procedure,Governance requirement - spec/procedure
England,CC/CP 490,Bridge expansion joints and sealing of gaps,Bridge Components,Governance requirement,spec/procedure,Governance requirement - spec/procedure
England,CC/CP 491,"Brickwork, Blockwork and Stonework",Structures / Walls,Governance requirement,spec/procedure,Governance requirement - spec/procedure
England,CC/CP 495,Miscellaneous,Miscellaneous,Misc items,bollards,Misc items - bollards
England,CC/CP 495,Miscellaneous,Miscellaneous,Misc items,street furniture,Misc items - street furniture
England,CC/CP 495,Miscellaneous,Miscellaneous,Misc items,barriers - non-VRS,Misc items - barriers - non-VRS
England,CC/CP 500,Drainage,Drainage,Pipes,concrete,Pipes - concrete
England,CC/CP 500,Drainage,Drainage,Pipes,VC clay,Pipes - VC clay
England,CC/CP 500,Drainage,Drainage,Pipes,uPVC,Pipes - uPVC
England,CC/CP 500,Drainage,Drainage,Pipes,HDPE,Pipes - HDPE
England,CC/CP 500,Drainage,Drainage,Pipes,GRP,Pipes - GRP
England,CC/CP 500,Drainage,Drainage,Pipes,ductile iron,Pipes - ductile iron
England,CC/CP 500,Drainage,Drainage,Pipe joints,rubber ring,Pipe joints - rubber ring
England,CC/CP 500,Drainage,Drainage,Pipe joints,butt-fused,Pipe joints - butt-fused
England,CC/CP 500,Drainage,Drainage,Pipe joints,electrofusion,Pipe joints - electrofusion
England,CC/CP 500,Drainage,Drainage,Pipe joints,couplers,Pipe joints - couplers
England,CC/CP 500,Drainage,Drainage,Manholes,precast concrete,Manholes - precast concrete
England,CC/CP 500,Drainage,Drainage,Manholes,brick,Manholes - brick
England,CC/CP 500,Drainage,Drainage,Manholes,plastic,Manholes - plastic
England,CC/CP 500,Drainage,Drainage,Manholes,composite covers,Manholes - composite covers
England,CC/CP 500,Drainage,Drainage,Chambers,catchpit,Chambers - catchpit
England,CC/CP 500,Drainage,Drainage,Chambers,inspection,Chambers - inspection
England,CC/CP 500,Drainage,Drainage,Chambers,control,Chambers - control
England,CC/CP 500,Drainage,Drainage,Chambers,penstock,Chambers - penstock
England,CC/CP 500,Drainage,Drainage,Gullies & inlets,kerb gully,Gullies & inlets - kerb gully
England,CC/CP 500,Drainage,Drainage,Gullies & inlets,slot drain inlet,Gullies & inlets - slot drain inlet
England,CC/CP 500,Drainage,Drainage,Gullies & inlets,grate inlet,Gullies & inlets - grate inlet
England,CC/CP 500,Drainage,Drainage,Gullies & inlets,kerb offlet,Gullies & inlets - kerb offlet
England,CC/CP 500,Drainage,Drainage,Linear/channel drains,polymer concrete,Linear/channel drains - polymer concrete
England,CC/CP 500,Drainage,Drainage,Linear/channel drains,concrete,Linear/channel drains - concrete
England,CC/CP 500,Drainage,Drainage,Linear/channel drains,composite,Linear/channel drains - composite
England,CC/CP 500,Drainage,Drainage,Linear/channel drains,stainless edge,Linear/channel drains - stainless edge
England,CC/CP 500,Drainage,Drainage,Headwalls & outfalls,precast headwall,Headwalls & outfalls - precast headwall
England,CC/CP 500,Drainage,Drainage,Headwalls & outfalls,cast in-situ,Headwalls & outfalls - cast in-situ
England,CC/CP 500,Drainage,Drainage,Headwalls & outfalls,flap valve,Headwalls & outfalls - flap valve
England,CC/CP 500,Drainage,Drainage,Headwalls & outfalls,grille,Headwalls & outfalls - grille
England,CC/CP 500,Drainage,Drainage,SuDS,swale,SuDS - swale
England,CC/CP 500,Drainage,Drainage,SuDS,detention basin,SuDS - detention basin
England,CC/CP 500,Drainage,Drainage,SuDS,infiltration trench,SuDS - infiltration trench
England,CC/CP 500,Drainage,Drainage,SuDS,soakaway,SuDS - soakaway
England,CC/CP 500,Drainage,Drainage,SuDS,permeable paving,SuDS - permeable paving
England,CC/CP 500,Drainage,Drainage,SuDS,raingarden,SuDS - raingarden
England,CC/CP 500,Drainage,Drainage,Stormwater control,vortex separator,Stormwater control - vortex separator
England,CC/CP 500,Drainage,Drainage,Stormwater control,attenuation tank,Stormwater control - attenuation tank
England,CC/CP 500,Drainage,Drainage,Stormwater control,flow control,Stormwater control - flow control
England,CC/CP 500,Drainage,Drainage,Stormwater control,orifice plate,Stormwater control - orifice plate
England,CC/CP 500,Drainage,Drainage,Culverts,box,Culverts - box
England,CC/CP 500,Drainage,Drainage,Culverts,arch,Culverts - arch
England,CC/CP 500,Drainage,Drainage,Culverts,pipe,Culverts - pipe
England,CC/CP 500,Drainage,Drainage,Culverts,CSBS,Culverts - CSBS
England,CC/CP 500,Drainage,Drainage,Relining,CIPP,Relining - CIPP
England,CC/CP 500,Drainage,Drainage,Relining,spiral wound,Relining - spiral wound
England,CC/CP 500,Drainage,Drainage,Relining,slip lining,Relining - slip lining
England,CC/CP 500,Drainage,Drainage,Maintenance ops,jetting,Maintenance ops - jetting
England,CC/CP 500,Drainage,Drainage,Maintenance ops,CCTV survey,Maintenance ops - CCTV survey
England,CC/CP 500,Drainage,Drainage,Maintenance ops,desilting,Maintenance ops - desilting
England,CC/CP 500,Drainage,Drainage,Maintenance ops,root cutting,Maintenance ops - root cutting
England,CC/CP 601,Earthworks,Earthworks & Geotechnics,Embankments,general fill,Embankments - general fill
England,CC/CP 601,Earthworks,Earthworks & Geotechnics,Embankments,selected fill 6I/6J,Embankments - selected fill 6I/6J
England,CC/CP 601,Earthworks,Earthworks & Geotechnics,Embankments,lightweight fill,Embankments - lightweight fill
England,CC/CP 601,Earthworks,Earthworks & Geotechnics,Cuttings,rock,Cuttings - rock
England,CC/CP 601,Earthworks,Earthworks & Geotechnics,Cuttings,soil,Cuttings - soil
England,CC/CP 601,Earthworks,Earthworks & Geotechnics,Cuttings,stability measures,Cuttings - stability measures
England,CC/CP 601,Earthworks,Earthworks & Geotechnics,Ground improvement,lime/cement stabilisation,Ground improvement - lime/cement stabilisation
England,CC/CP 601,Earthworks,Earthworks & Geotechnics,Ground improvement,stone columns,Ground improvement - stone columns
England,CC/CP 601,Earthworks,Earthworks & Geotechnics,Reinforcement,geogrid,Reinforcement - geogrid
England,CC/CP 601,Earthworks,Earthworks & Geotechnics,Reinforcement,geotextile,Reinforcement - geotextile
England,CC/CP 601,Earthworks,Earthworks & Geotechnics,Reinforcement,soil nails,Reinforcement - soil nails
England,CC/CP 601,Earthworks,Earthworks & Geotechnics,Drainage layers,blanket,Drainage layers - blanket
England,CC/CP 601,Earthworks,Earthworks & Geotechnics,Drainage layers,edge drain,Drainage layers - edge drain
England,CC/CP 602,Piling and Embedded Retaining Walls,Foundations & Retaining,Piles,CFA,Piles - CFA
England,CC/CP 602,Piling and Embedded Retaining Walls,Foundations & Retaining,Piles,bored,Piles - bored
England,CC/CP 602,Piling and Embedded Retaining Walls,Foundations & Retaining,Piles,driven steel,Piles - driven steel
England,CC/CP 602,Piling and Embedded Retaining Walls,Foundations & Retaining,Piles,mini-piles,Piles - mini-piles
England,CC/CP 602,Piling and Embedded Retaining Walls,Foundations & Retaining,Embedded walls,sheet piles,Embedded walls - sheet piles
England,CC/CP 602,Piling and Embedded Retaining Walls,Foundations & Retaining,Embedded walls,secant,Embedded walls - secant
England,CC/CP 602,Piling and Embedded Retaining Walls,Foundations & Retaining,Embedded walls,diaphragm,Embedded walls - diaphragm
England,CC/CP 602,Piling and Embedded Retaining Walls,Foundations & Retaining,Pile caps & capping beams,in-situ,Pile caps & capping beams - in-situ
England,CC/CP 602,Piling and Embedded Retaining Walls,Foundations & Retaining,Pile caps & capping beams,precast,Pile caps & capping beams - precast
England,CC/CP 605,Corrugated Steel Buried Structures,Buried Structures,CSBS,arches,CSBS - arches
England,CC/CP 605,Corrugated Steel Buried Structures,Buried Structures,CSBS,multi-plates,CSBS - multi-plates
England,CC/CP 605,Corrugated Steel Buried Structures,Buried Structures,Backfill,granular,Backfill - granular
England,CC/CP 605,Corrugated Steel Buried Structures,Buried Structures,Backfill,flowable fill,Backfill - flowable fill
England,CC/CP 606,Reinforced Soil and Anchored Earth Structures,Geotechnical Structures,Reinforced soil walls,MSE panels,Reinforced soil walls - MSE panels
England,CC/CP 606,Reinforced Soil and Anchored Earth Structures,Geotechnical Structures,Reinforced soil walls,wrap-around,Reinforced soil walls - wrap-around
England,CC/CP 606,Reinforced Soil and Anchored Earth Structures,Geotechnical Structures,Anchored earth,tie-back anchors,Anchored earth - tie-back anchors
England,CC/CP 606,Reinforced Soil and Anchored Earth Structures,Geotechnical Structures,Anchored earth,facing panels,Anchored earth - facing panels
England,CC/CP 607,Reinforced Clay Brickwork Retaining Walls,Retaining Structures,Reinforced brickwork walls,pocket-type,Reinforced brickwork walls - pocket-type
England,CC/CP 607,Reinforced Clay Brickwork Retaining Walls,Retaining Structures,Reinforced brickwork walls,grouted-cavity,Reinforced brickwork walls - grouted-cavity
England,TC/TP 101,Traffic signalling systems,Traffic Signals,Signal heads,vehicular,Signal heads - vehicular
England,TC/TP 101,Traffic signalling systems,Traffic Signals,Signal heads,pedestrian,Signal heads - pedestrian
England,TC/TP 101,Traffic signalling systems,Traffic Signals,Signal heads,nearside,Signal heads - nearside
England,TC/TP 101,Traffic signalling systems,Traffic Signals,Poles & supports,standard,Poles & supports - standard
England,TC/TP 101,Traffic signalling systems,Traffic Signals,Poles & supports,mast arm,Poles & supports - mast arm
England,TC/TP 101,Traffic signalling systems,Traffic Signals,Controllers,UTC,Controllers - UTC
England,TC/TP 101,Traffic signalling systems,Traffic Signals,Controllers,MOVAs,Controllers - MOVAs
England,TC/TP 101,Traffic signalling systems,Traffic Signals,Controllers,SCOOT interface,Controllers - SCOOT interface
England,TC/TP 101,Traffic signalling systems,Traffic Signals,Detection,loops,Detection - loops
England,TC/TP 101,Traffic signalling systems,Traffic Signals,Detection,microwave,Detection - microwave
England,TC/TP 101,Traffic signalling systems,Traffic Signals,Detection,video,Detection - video
England,TC/TP 101,Traffic signalling systems,Traffic Signals,Detection,magnetometer,Detection - magnetometer
England,TC/TP 101,Traffic signalling systems,Traffic Signals,Crossings,Puffin,Crossings - Puffin
England,TC/TP 101,Traffic signalling systems,Traffic Signals,Crossings,Toucan,Crossings - Toucan
England,TC/TP 101,Traffic signalling systems,Traffic Signals,Crossings,Pegasus,Crossings - Pegasus
England,TC/TP 131,Roadside technology and communications,ITS & Comms,VMS/VTS,full matrix,VMS/VTS - full matrix
England,TC/TP 131,Roadside technology and communications,ITS & Comms,VMS/VTS,lane control,VMS/VTS - lane control
England,TC/TP 131,Roadside technology and communications,ITS & Comms,VMS/VTS,speed limiters,VMS/VTS - speed limiters
England,TC/TP 131,Roadside technology and communications,ITS & Comms,CCTV,fixed,CCTV - fixed
England,TC/TP 131,Roadside technology and communications,ITS & Comms,CCTV,PTZ,CCTV - PTZ
England,TC/TP 131,Roadside technology and communications,ITS & Comms,Sensors,ANPR,Sensors - ANPR
England,TC/TP 131,Roadside technology and communications,ITS & Comms,Sensors,weather,Sensors - weather
England,TC/TP 131,Roadside technology and communications,ITS & Comms,Sensors,traffic counters,Sensors - traffic counters
England,TC/TP 131,Roadside technology and communications,ITS & Comms,Comms,fibre,Comms - fibre
England,TC/TP 131,Roadside technology and communications,ITS & Comms,Comms,copper,Comms - copper
England,TC/TP 131,Roadside technology and communications,ITS & Comms,Comms,wireless backhaul,Comms - wireless backhaul
England,TC/TP 131,Roadside technology and communications,ITS & Comms,Cabinets & power,roadside cabinet,Cabinets & power - roadside cabinet
England,TC/TP 131,Roadside technology and communications,ITS & Comms,Cabinets & power,UPS,Cabinets & power - UPS
England,TC/TP 501,Electrical Work for Road Lighting and Traffic Signs,Electrical & Lighting,Columns,steel,Columns - steel
England,TC/TP 501,Electrical Work for Road Lighting and Traffic Signs,Electrical & Lighting,Columns,aluminium,Columns - aluminium
England,TC/TP 501,Electrical Work for Road Lighting and Traffic Signs,Electrical & Lighting,Columns,composite,Columns - composite
England,TC/TP 501,Electrical Work for Road Lighting and Traffic Signs,Electrical & Lighting,Luminaires,LED lantern,Luminaires - LED lantern
England,TC/TP 501,Electrical Work for Road Lighting and Traffic Signs,Electrical & Lighting,Luminaires,tunnel light,Luminaires - tunnel light
England,TC/TP 501,Electrical Work for Road Lighting and Traffic Signs,Electrical & Lighting,Luminaires,heritage,Luminaires - heritage
England,TC/TP 501,Electrical Work for Road Lighting and Traffic Signs,Electrical & Lighting,Power,switchgear,Power - switchgear
England,TC/TP 501,Electrical Work for Road Lighting and Traffic Signs,Electrical & Lighting,Power,distribution board,Power - distribution board
England,TC/TP 501,Electrical Work for Road Lighting and Traffic Signs,Electrical & Lighting,Power,feeder pillar,Power - feeder pillar
England,TC/TP 501,Electrical Work for Road Lighting and Traffic Signs,Electrical & Lighting,Cabling & ducts,LV cable,Cabling & ducts - LV cable
England,TC/TP 501,Electrical Work for Road Lighting and Traffic Signs,Electrical & Lighting,Cabling & ducts,ducting,Cabling & ducts - ducting
England,TC/TP 501,Electrical Work for Road Lighting and Traffic Signs,Electrical & Lighting,Cabling & ducts,drawpit,Cabling & ducts - drawpit
England,TC/TP 501,Electrical Work for Road Lighting and Traffic Signs,Electrical & Lighting,Earthing & protection,earthing,Earthing & protection - earthing
England,TC/TP 501,Electrical Work for Road Lighting and Traffic Signs,Electrical & Lighting,Earthing & protection,surge protection,Earthing & protection - surge protection
England,TC/TP 501,Electrical Work for Road Lighting and Traffic Signs,Electrical & Lighting,Earthing & protection,isolation,Earthing & protection - isolation
